,Survived,Pclass,Age,SibSp,Parch,Ticket,Fare,Cabin,Embarked,Title_Master,Title_Miss,Title_Mr,Title_Mrs,Title_Officer,Title_Royalty,Sex_Code,Embarked_C,Embarked_Q,Embarked_S
0,0.0,3,22.0,1,0,A/5 21171,7.25,,S,0,0,1,0,0,0,0,0,0,1
1,1.0,1,38.0,1,0,PC 17599,71.2833,C85,C,0,0,0,1,0,0,1,1,0,0
2,1.0,3,26.0,0,0,STON/O2. 3101282,7.925,,S,0,1,0,0,0,0,1,0,0,1
3,1.0,1,35.0,1,0,113803,53.1,C123,S,0,0,0,1,0,0,1,0,0,1
4,0.0,3,35.0,0,0,373450,8.05,,S,0,0,1,0,0,0,0,0,0,1
5,0.0,3,26.0,0,0,330877,8.4583,,Q,0,0,1,0,0,0,0,0,1,0
6,0.0,1,54.0,0,0,17463,51.8625,E46,S,0,0,1,0,0,0,0,0,0,1
7,0.0,3,2.0,3,1,349909,21.075,,S,1,0,0,0,0,0,0,0,0,1
8,1.0,3,27.0,0,2,347742,11.1333,,S,0,0,0,1,0,0,1,0,0,1
9,1.0,2,14.0,1,0,237736,30.0708,,C,0,0,0,1,0,0,1,1,0,0
10,1.0,3,4.0,1,1,PP 9549,16.7,G6,S,0,1,0,0,0,0,1,0,0,1
11,1.0,1,58.0,0,0,113783,26.55,C103,S,0,1,0,0,0,0,1,0,0,1
12,0.0,3,20.0,0,0,A/5. 2151,8.05,,S,0,0,1,0,0,0,0,0,0,1
13,0.0,3,39.0,1,5,347082,31.275,,S,0,0,1,0,0,0,0,0,0,1
14,0.0,3,14.0,0,0,350406,7.8542,,S,0,1,0,0,0,0,1,0,0,1
15,1.0,2,55.0,0,0,248706,16.0,,S,0,0,0,1,0,0,1,0,0,1
16,0.0,3,2.0,4,1,382652,29.125,,Q,1,0,0,0,0,0,0,0,1,0
17,1.0,2,31.0,0,0,244373,13.0,,S,0,0,1,0,0,0,0,0,0,1
18,0.0,3,31.0,1,0,345763,18.0,,S,0,0,0,1,0,0,1,0,0,1
19,1.0,3,31.0,0,0,2649,7.225,,C,0,0,0,1,0,0,1,1,0,0
20,0.0,2,35.0,0,0,239865,26.0,,S,0,0,1,0,0,0,0,0,0,1
21,1.0,2,34.0,0,0,248698,13.0,D56,S,0,0,1,0,0,0,0,0,0,1
22,1.0,3,15.0,0,0,330923,8.0292,,Q,0,1,0,0,0,0,1,0,1,0
23,1.0,1,28.0,0,0,113788,35.5,A6,S,0,0,1,0,0,0,0,0,0,1
24,0.0,3,8.0,3,1,349909,21.075,,S,0,1,0,0,0,0,1,0,0,1
25,1.0,3,38.0,1,5,347077,31.3875,,S,0,0,0,1,0,0,1,0,0,1
26,0.0,3,26.0,0,0,2631,7.225,,C,0,0,1,0,0,0,0,1,0,0
27,0.0,1,19.0,3,2,19950,263.0,C23 C25 C27,S,0,0,1,0,0,0,0,0,0,1
28,1.0,3,18.0,0,0,330959,7.8792,,Q,0,1,0,0,0,0,1,0,1,0
29,0.0,3,26.0,0,0,349216,7.8958,,S,0,0,1,0,0,0,0,0,0,1
30,0.0,1,40.0,0,0,PC 17601,27.7208,,C,0,0,0,0,0,1,0,1,0,0
31,1.0,1,40.0,1,0,PC 17569,146.5208,B78,C,0,0,0,1,0,0,1,1,0,0
32,1.0,3,18.0,0,0,335677,7.75,,Q,0,1,0,0,0,0,1,0,1,0
33,0.0,2,66.0,0,0,C.A. 24579,10.5,,S,0,0,1,0,0,0,0,0,0,1
34,0.0,1,28.0,1,0,PC 17604,82.1708,,C,0,0,1,0,0,0,0,1,0,0
35,0.0,1,42.0,1,0,113789,52.0,,S,0,0,1,0,0,0,0,0,0,1
36,1.0,3,26.0,0,0,2677,7.2292,,C,0,0,1,0,0,0,0,1,0,0
37,0.0,3,21.0,0,0,A./5. 2152,8.05,,S,0,0,1,0,0,0,0,0,0,1
38,0.0,3,18.0,2,0,345764,18.0,,S,0,1,0,0,0,0,1,0,0,1
39,1.0,3,14.0,1,0,2651,11.2417,,C,0,1,0,0,0,0,1,1,0,0
40,0.0,3,40.0,1,0,7546,9.475,,S,0,0,0,1,0,0,1,0,0,1
41,0.0,2,27.0,1,0,11668,21.0,,S,0,0,0,1,0,0,1,0,0,1
42,0.0,3,26.0,0,0,349253,7.8958,,C,0,0,1,0,0,0,0,1,0,0
43,1.0,2,3.0,1,2,SC/Paris 2123,41.5792,,C,0,1,0,0,0,0,1,1,0,0
44,1.0,3,19.0,0,0,330958,7.8792,,Q,0,1,0,0,0,0,1,0,1,0
45,0.0,3,26.0,0,0,S.C./A.4. 23567,8.05,,S,0,0,1,0,0,0,0,0,0,1
46,0.0,3,26.0,1,0,370371,15.5,,Q,0,0,1,0,0,0,0,0,1,0
47,1.0,3,18.0,0,0,14311,7.75,,Q,0,1,0,0,0,0,1,0,1,0
48,0.0,3,26.0,2,0,2662,21.6792,,C,0,0,1,0,0,0,0,1,0,0
49,0.0,3,18.0,1,0,349237,17.8,,S,0,0,0,1,0,0,1,0,0,1
50,0.0,3,7.0,4,1,3101295,39.6875,,S,1,0,0,0,0,0,0,0,0,1
51,0.0,3,21.0,0,0,A/4. 39886,7.8,,S,0,0,1,0,0,0,0,0,0,1
52,1.0,1,49.0,1,0,PC 17572,76.7292,D33,C,0,0,0,1,0,0,1,1,0,0
53,1.0,2,29.0,1,0,2926,26.0,,S,0,0,0,1,0,0,1,0,0,1
54,0.0,1,65.0,0,1,113509,61.9792,B30,C,0,0,1,0,0,0,0,1,0,0
55,1.0,1,40.0,0,0,19947,35.5,C52,S,0,0,1,0,0,0,0,0,0,1
56,1.0,2,21.0,0,0,C.A. 31026,10.5,,S,0,1,0,0,0,0,1,0,0,1
57,0.0,3,28.5,0,0,2697,7.2292,,C,0,0,1,0,0,0,0,1,0,0
58,1.0,2,5.0,1,2,C.A. 34651,27.75,,S,0,1,0,0,0,0,1,0,0,1
59,0.0,3,11.0,5,2,CA 2144,46.9,,S,1,0,0,0,0,0,0,0,0,1
60,0.0,3,22.0,0,0,2669,7.2292,,C,0,0,1,0,0,0,0,1,0,0
61,1.0,1,38.0,0,0,113572,80.0,B28,S,0,1,0,0,0,0,1,0,0,1
62,0.0,1,45.0,1,0,36973,83.475,C83,S,0,0,1,0,0,0,0,0,0,1
63,0.0,3,4.0,3,2,347088,27.9,,S,1,0,0,0,0,0,0,0,0,1
64,0.0,1,40.0,0,0,PC 17605,27.7208,,C,0,0,1,0,0,0,0,1,0,0
65,1.0,3,4.0,1,1,2661,15.2458,,C,1,0,0,0,0,0,0,1,0,0
66,1.0,2,29.0,0,0,C.A. 29395,10.5,F33,S,0,0,0,1,0,0,1,0,0,1
67,0.0,3,19.0,0,0,S.P. 3464,8.1583,,S,0,0,1,0,0,0,0,0,0,1
68,1.0,3,17.0,4,2,3101281,7.925,,S,0,1,0,0,0,0,1,0,0,1
69,0.0,3,26.0,2,0,315151,8.6625,,S,0,0,1,0,0,0,0,0,0,1
70,0.0,2,32.0,0,0,C.A. 33111,10.5,,S,0,0,1,0,0,0,0,0,0,1
71,0.0,3,16.0,5,2,CA 2144,46.9,,S,0,1,0,0,0,0,1,0,0,1
72,0.0,2,21.0,0,0,S.O.C. 14879,73.5,,S,0,0,1,0,0,0,0,0,0,1
73,0.0,3,26.0,1,0,2680,14.4542,,C,0,0,1,0,0,0,0,1,0,0
74,1.0,3,32.0,0,0,1601,56.4958,,S,0,0,1,0,0,0,0,0,0,1
75,0.0,3,25.0,0,0,348123,7.65,F G73,S,0,0,1,0,0,0,0,0,0,1
76,0.0,3,26.0,0,0,349208,7.8958,,S,0,0,1,0,0,0,0,0,0,1
77,0.0,3,26.0,0,0,374746,8.05,,S,0,0,1,0,0,0,0,0,0,1
78,1.0,2,0.83,0,2,248738,29.0,,S,1,0,0,0,0,0,0,0,0,1
79,1.0,3,30.0,0,0,364516,12.475,,S,0,1,0,0,0,0,1,0,0,1
80,0.0,3,22.0,0,0,345767,9.0,,S,0,0,1,0,0,0,0,0,0,1
81,1.0,3,29.0,0,0,345779,9.5,,S,0,0,1,0,0,0,0,0,0,1
82,1.0,3,18.0,0,0,330932,7.7875,,Q,0,1,0,0,0,0,1,0,1,0
83,0.0,1,28.0,0,0,113059,47.1,,S,0,0,1,0,0,0,0,0,0,1
84,1.0,2,17.0,0,0,SO/C 14885,10.5,,S,0,1,0,0,0,0,1,0,0,1
85,1.0,3,33.0,3,0,3101278,15.85,,S,0,0,0,1,0,0,1,0,0,1
86,0.0,3,16.0,1,3,W./C. 6608,34.375,,S,0,0,1,0,0,0,0,0,0,1
87,0.0,3,26.0,0,0,SOTON/OQ 392086,8.05,,S,0,0,1,0,0,0,0,0,0,1
88,1.0,1,23.0,3,2,19950,263.0,C23 C25 C27,S,0,1,0,0,0,0,1,0,0,1
89,0.0,3,24.0,0,0,343275,8.05,,S,0,0,1,0,0,0,0,0,0,1
90,0.0,3,29.0,0,0,343276,8.05,,S,0,0,1,0,0,0,0,0,0,1
91,0.0,3,20.0,0,0,347466,7.8542,,S,0,0,1,0,0,0,0,0,0,1
92,0.0,1,46.0,1,0,W.E.P. 5734,61.175,E31,S,0,0,1,0,0,0,0,0,0,1
93,0.0,3,26.0,1,2,C.A. 2315,20.575,,S,0,0,1,0,0,0,0,0,0,1
94,0.0,3,59.0,0,0,364500,7.25,,S,0,0,1,0,0,0,0,0,0,1
95,0.0,3,26.0,0,0,374910,8.05,,S,0,0,1,0,0,0,0,0,0,1
96,0.0,1,71.0,0,0,PC 17754,34.6542,A5,C,0,0,1,0,0,0,0,1,0,0
97,1.0,1,23.0,0,1,PC 17759,63.3583,D10 D12,C,0,0,1,0,0,0,0,1,0,0
98,1.0,2,34.0,0,1,231919,23.0,,S,0,0,0,1,0,0,1,0,0,1
99,0.0,2,34.0,1,0,244367,26.0,,S,0,0,1,0,0,0,0,0,0,1
100,0.0,3,28.0,0,0,349245,7.8958,,S,0,1,0,0,0,0,1,0,0,1
101,0.0,3,26.0,0,0,349215,7.8958,,S,0,0,1,0,0,0,0,0,0,1
102,0.0,1,21.0,0,1,35281,77.2875,D26,S,0,0,1,0,0,0,0,0,0,1
103,0.0,3,33.0,0,0,7540,8.6542,,S,0,0,1,0,0,0,0,0,0,1
104,0.0,3,37.0,2,0,3101276,7.925,,S,0,0,1,0,0,0,0,0,0,1
105,0.0,3,28.0,0,0,349207,7.8958,,S,0,0,1,0,0,0,0,0,0,1
106,1.0,3,21.0,0,0,343120,7.65,,S,0,1,0,0,0,0,1,0,0,1
107,1.0,3,26.0,0,0,312991,7.775,,S,0,0,1,0,0,0,0,0,0,1
108,0.0,3,38.0,0,0,349249,7.8958,,S,0,0,1,0,0,0,0,0,0,1
109,1.0,3,18.0,1,0,371110,24.15,,Q,0,1,0,0,0,0,1,0,1,0
110,0.0,1,47.0,0,0,110465,52.0,C110,S,0,0,1,0,0,0,0,0,0,1
111,0.0,3,14.5,1,0,2665,14.4542,,C,0,1,0,0,0,0,1,1,0,0
112,0.0,3,22.0,0,0,324669,8.05,,S,0,0,1,0,0,0,0,0,0,1
113,0.0,3,20.0,1,0,4136,9.825,,S,0,1,0,0,0,0,1,0,0,1
114,0.0,3,17.0,0,0,2627,14.4583,,C,0,1,0,0,0,0,1,1,0,0
115,0.0,3,21.0,0,0,STON/O 2. 3101294,7.925,,S,0,0,1,0,0,0,0,0,0,1
116,0.0,3,70.5,0,0,370369,7.75,,Q,0,0,1,0,0,0,0,0,1,0
117,0.0,2,29.0,1,0,11668,21.0,,S,0,0,1,0,0,0,0,0,0,1
118,0.0,1,24.0,0,1,PC 17558,247.5208,B58 B60,C,0,0,1,0,0,0,0,1,0,0
119,0.0,3,2.0,4,2,347082,31.275,,S,0,1,0,0,0,0,1,0,0,1
120,0.0,2,21.0,2,0,S.O.C. 14879,73.5,,S,0,0,1,0,0,0,0,0,0,1
121,0.0,3,26.0,0,0,A4. 54510,8.05,,S,0,0,1,0,0,0,0,0,0,1
122,0.0,2,32.5,1,0,237736,30.0708,,C,0,0,1,0,0,0,0,1,0,0
123,1.0,2,32.5,0,0,27267,13.0,E101,S,0,1,0,0,0,0,1,0,0,1
124,0.0,1,54.0,0,1,35281,77.2875,D26,S,0,0,1,0,0,0,0,0,0,1
125,1.0,3,12.0,1,0,2651,11.2417,,C,1,0,0,0,0,0,0,1,0,0
126,0.0,3,26.0,0,0,370372,7.75,,Q,0,0,1,0,0,0,0,0,1,0
127,1.0,3,24.0,0,0,C 17369,7.1417,,S,0,0,1,0,0,0,0,0,0,1
128,1.0,3,18.0,1,1,2668,22.3583,F E69,C,0,1,0,0,0,0,1,1,0,0
129,0.0,3,45.0,0,0,347061,6.975,,S,0,0,1,0,0,0,0,0,0,1
130,0.0,3,33.0,0,0,349241,7.8958,,C,0,0,1,0,0,0,0,1,0,0
131,0.0,3,20.0,0,0,SOTON/O.Q. 3101307,7.05,,S,0,0,1,0,0,0,0,0,0,1
132,0.0,3,47.0,1,0,A/5. 3337,14.5,,S,0,0,0,1,0,0,1,0,0,1
133,1.0,2,29.0,1,0,228414,26.0,,S,0,0,0,1,0,0,1,0,0,1
134,0.0,2,25.0,0,0,C.A. 29178,13.0,,S,0,0,1,0,0,0,0,0,0,1
135,0.0,2,23.0,0,0,SC/PARIS 2133,15.0458,,C,0,0,1,0,0,0,0,1,0,0
136,1.0,1,19.0,0,2,11752,26.2833,D47,S,0,1,0,0,0,0,1,0,0,1
137,0.0,1,37.0,1,0,113803,53.1,C123,S,0,0,1,0,0,0,0,0,0,1
138,0.0,3,16.0,0,0,7534,9.2167,,S,0,0,1,0,0,0,0,0,0,1
139,0.0,1,24.0,0,0,PC 17593,79.2,B86,C,0,0,1,0,0,0,0,1,0,0
140,0.0,3,31.0,0,2,2678,15.2458,,C,0,0,0,1,0,0,1,1,0,0
141,1.0,3,22.0,0,0,347081,7.75,,S,0,1,0,0,0,0,1,0,0,1
142,1.0,3,24.0,1,0,STON/O2. 3101279,15.85,,S,0,0,0,1,0,0,1,0,0,1
143,0.0,3,19.0,0,0,365222,6.75,,Q,0,0,1,0,0,0,0,0,1,0
144,0.0,2,18.0,0,0,231945,11.5,,S,0,0,1,0,0,0,0,0,0,1
145,0.0,2,19.0,1,1,C.A. 33112,36.75,,S,0,0,1,0,0,0,0,0,0,1
146,1.0,3,27.0,0,0,350043,7.7958,,S,0,0,1,0,0,0,0,0,0,1
147,0.0,3,9.0,2,2,W./C. 6608,34.375,,S,0,1,0,0,0,0,1,0,0,1
148,0.0,2,36.5,0,2,230080,26.0,F2,S,0,0,1,0,0,0,0,0,0,1
149,0.0,2,42.0,0,0,244310,13.0,,S,0,0,0,0,1,0,0,0,0,1
150,0.0,2,51.0,0,0,S.O.P. 1166,12.525,,S,0,0,0,0,1,0,0,0,0,1
151,1.0,1,22.0,1,0,113776,66.6,C2,S,0,0,0,1,0,0,1,0,0,1
152,0.0,3,55.5,0,0,A.5. 11206,8.05,,S,0,0,1,0,0,0,0,0,0,1
153,0.0,3,40.5,0,2,A/5. 851,14.5,,S,0,0,1,0,0,0,0,0,0,1
154,0.0,3,26.0,0,0,Fa 265302,7.3125,,S,0,0,1,0,0,0,0,0,0,1
155,0.0,1,51.0,0,1,PC 17597,61.3792,,C,0,0,1,0,0,0,0,1,0,0
156,1.0,3,16.0,0,0,35851,7.7333,,Q,0,1,0,0,0,0,1,0,1,0
157,0.0,3,30.0,0,0,SOTON/OQ 392090,8.05,,S,0,0,1,0,0,0,0,0,0,1
158,0.0,3,26.0,0,0,315037,8.6625,,S,0,0,1,0,0,0,0,0,0,1
159,0.0,3,4.0,8,2,CA. 2343,69.55,,S,1,0,0,0,0,0,0,0,0,1
160,0.0,3,44.0,0,1,371362,16.1,,S,0,0,1,0,0,0,0,0,0,1
161,1.0,2,40.0,0,0,C.A. 33595,15.75,,S,0,0,0,1,0,0,1,0,0,1
162,0.0,3,26.0,0,0,347068,7.775,,S,0,0,1,0,0,0,0,0,0,1
163,0.0,3,17.0,0,0,315093,8.6625,,S,0,0,1,0,0,0,0,0,0,1
164,0.0,3,1.0,4,1,3101295,39.6875,,S,1,0,0,0,0,0,0,0,0,1
165,1.0,3,9.0,0,2,363291,20.525,,S,1,0,0,0,0,0,0,0,0,1
166,1.0,1,40.0,0,1,113505,55.0,E33,S,0,0,0,1,0,0,1,0,0,1
167,0.0,3,45.0,1,4,347088,27.9,,S,0,0,0,1,0,0,1,0,0,1
168,0.0,1,40.0,0,0,PC 17318,25.925,,S,0,0,1,0,0,0,0,0,0,1
169,0.0,3,28.0,0,0,1601,56.4958,,S,0,0,1,0,0,0,0,0,0,1
170,0.0,1,61.0,0,0,111240,33.5,B19,S,0,0,1,0,0,0,0,0,0,1
171,0.0,3,4.0,4,1,382652,29.125,,Q,1,0,0,0,0,0,0,0,1,0
172,1.0,3,1.0,1,1,347742,11.1333,,S,0,1,0,0,0,0,1,0,0,1
173,0.0,3,21.0,0,0,STON/O 2. 3101280,7.925,,S,0,0,1,0,0,0,0,0,0,1
174,0.0,1,56.0,0,0,17764,30.6958,A7,C,0,0,1,0,0,0,0,1,0,0
175,0.0,3,18.0,1,1,350404,7.8542,,S,0,0,1,0,0,0,0,0,0,1
176,0.0,3,4.0,3,1,4133,25.4667,,S,1,0,0,0,0,0,0,0,0,1
177,0.0,1,50.0,0,0,PC 17595,28.7125,C49,C,0,1,0,0,0,0,1,1,0,0
178,0.0,2,30.0,0,0,250653,13.0,,S,0,0,1,0,0,0,0,0,0,1
179,0.0,3,36.0,0,0,LINE,0.0,,S,0,0,1,0,0,0,0,0,0,1
180,0.0,3,18.0,8,2,CA. 2343,69.55,,S,0,1,0,0,0,0,1,0,0,1
181,0.0,2,31.0,0,0,SC/PARIS 2131,15.05,,C,0,0,1,0,0,0,0,1,0,0
182,0.0,3,9.0,4,2,347077,31.3875,,S,1,0,0,0,0,0,0,0,0,1
183,1.0,2,1.0,2,1,230136,39.0,F4,S,1,0,0,0,0,0,0,0,0,1
184,1.0,3,4.0,0,2,315153,22.025,,S,0,1,0,0,0,0,1,0,0,1
185,0.0,1,40.0,0,0,113767,50.0,A32,S,0,0,1,0,0,0,0,0,0,1
186,1.0,3,31.0,1,0,370365,15.5,,Q,0,0,0,1,0,0,1,0,1,0
187,1.0,1,45.0,0,0,111428,26.55,,S,0,0,1,0,0,0,0,0,0,1
188,0.0,3,40.0,1,1,364849,15.5,,Q,0,0,1,0,0,0,0,0,1,0
189,0.0,3,36.0,0,0,349247,7.8958,,S,0,0,1,0,0,0,0,0,0,1
190,1.0,2,32.0,0,0,234604,13.0,,S,0,0,0,1,0,0,1,0,0,1
191,0.0,2,19.0,0,0,28424,13.0,,S,0,0,1,0,0,0,0,0,0,1
192,1.0,3,19.0,1,0,350046,7.8542,,S,0,1,0,0,0,0,1,0,0,1
193,1.0,2,3.0,1,1,230080,26.0,F2,S,1,0,0,0,0,0,0,0,0,1
194,1.0,1,44.0,0,0,PC 17610,27.7208,B4,C,0,0,0,1,0,0,1,1,0,0
195,1.0,1,58.0,0,0,PC 17569,146.5208,B80,C,0,1,0,0,0,0,1,1,0,0
196,0.0,3,26.0,0,0,368703,7.75,,Q,0,0,1,0,0,0,0,0,1,0
197,0.0,3,42.0,0,1,4579,8.4042,,S,0,0,1,0,0,0,0,0,0,1
198,1.0,3,18.0,0,0,370370,7.75,,Q,0,1,0,0,0,0,1,0,1,0
199,0.0,2,24.0,0,0,248747,13.0,,S,0,1,0,0,0,0,1,0,0,1
200,0.0,3,28.0,0,0,345770,9.5,,S,0,0,1,0,0,0,0,0,0,1
201,0.0,3,26.0,8,2,CA. 2343,69.55,,S,0,0,1,0,0,0,0,0,0,1
202,0.0,3,34.0,0,0,3101264,6.4958,,S,0,0,1,0,0,0,0,0,0,1
203,0.0,3,45.5,0,0,2628,7.225,,C,0,0,1,0,0,0,0,1,0,0
204,1.0,3,18.0,0,0,A/5 3540,8.05,,S,0,0,1,0,0,0,0,0,0,1
205,0.0,3,2.0,0,1,347054,10.4625,G6,S,0,1,0,0,0,0,1,0,0,1
206,0.0,3,32.0,1,0,3101278,15.85,,S,0,0,1,0,0,0,0,0,0,1
207,1.0,3,26.0,0,0,2699,18.7875,,C,0,0,1,0,0,0,0,1,0,0
208,1.0,3,16.0,0,0,367231,7.75,,Q,0,1,0,0,0,0,1,0,1,0
209,1.0,1,40.0,0,0,112277,31.0,A31,C,0,0,1,0,0,0,0,1,0,0
210,0.0,3,24.0,0,0,SOTON/O.Q. 3101311,7.05,,S,0,0,1,0,0,0,0,0,0,1
211,1.0,2,35.0,0,0,F.C.C. 13528,21.0,,S,0,1,0,0,0,0,1,0,0,1
212,0.0,3,22.0,0,0,A/5 21174,7.25,,S,0,0,1,0,0,0,0,0,0,1
213,0.0,2,30.0,0,0,250646,13.0,,S,0,0,1,0,0,0,0,0,0,1
214,0.0,3,26.0,1,0,367229,7.75,,Q,0,0,1,0,0,0,0,0,1,0
215,1.0,1,31.0,1,0,35273,113.275,D36,C,0,1,0,0,0,0,1,1,0,0
216,1.0,3,27.0,0,0,STON/O2. 3101283,7.925,,S,0,1,0,0,0,0,1,0,0,1
217,0.0,2,42.0,1,0,243847,27.0,,S,0,0,1,0,0,0,0,0,0,1
218,1.0,1,32.0,0,0,11813,76.2917,D15,C,0,1,0,0,0,0,1,1,0,0
219,0.0,2,30.0,0,0,W/C 14208,10.5,,S,0,0,1,0,0,0,0,0,0,1
220,1.0,3,16.0,0,0,SOTON/OQ 392089,8.05,,S,0,0,1,0,0,0,0,0,0,1
221,0.0,2,27.0,0,0,220367,13.0,,S,0,0,1,0,0,0,0,0,0,1
222,0.0,3,51.0,0,0,21440,8.05,,S,0,0,1,0,0,0,0,0,0,1
223,0.0,3,26.0,0,0,349234,7.8958,,S,0,0,1,0,0,0,0,0,0,1
224,1.0,1,38.0,1,0,19943,90.0,C93,S,0,0,1,0,0,0,0,0,0,1
225,0.0,3,22.0,0,0,PP 4348,9.35,,S,0,0,1,0,0,0,0,0,0,1
226,1.0,2,19.0,0,0,SW/PP 751,10.5,,S,0,0,1,0,0,0,0,0,0,1
227,0.0,3,20.5,0,0,A/5 21173,7.25,,S,0,0,1,0,0,0,0,0,0,1
228,0.0,2,18.0,0,0,236171,13.0,,S,0,0,1,0,0,0,0,0,0,1
229,0.0,3,18.0,3,1,4133,25.4667,,S,0,1,0,0,0,0,1,0,0,1
230,1.0,1,35.0,1,0,36973,83.475,C83,S,0,0,0,1,0,0,1,0,0,1
231,0.0,3,29.0,0,0,347067,7.775,,S,0,0,1,0,0,0,0,0,0,1
232,0.0,2,59.0,0,0,237442,13.5,,S,0,0,1,0,0,0,0,0,0,1
233,1.0,3,5.0,4,2,347077,31.3875,,S,0,1,0,0,0,0,1,0,0,1
234,0.0,2,24.0,0,0,C.A. 29566,10.5,,S,0,0,1,0,0,0,0,0,0,1
235,0.0,3,18.0,0,0,W./C. 6609,7.55,,S,0,1,0,0,0,0,1,0,0,1
236,0.0,2,44.0,1,0,26707,26.0,,S,0,0,1,0,0,0,0,0,0,1
237,1.0,2,8.0,0,2,C.A. 31921,26.25,,S,0,1,0,0,0,0,1,0,0,1
238,0.0,2,19.0,0,0,28665,10.5,,S,0,0,1,0,0,0,0,0,0,1
239,0.0,2,33.0,0,0,SCO/W 1585,12.275,,S,0,0,1,0,0,0,0,0,0,1
240,0.0,3,18.0,1,0,2665,14.4542,,C,0,1,0,0,0,0,1,1,0,0
241,1.0,3,18.0,1,0,367230,15.5,,Q,0,1,0,0,0,0,1,0,1,0
242,0.0,2,29.0,0,0,W./C. 14263,10.5,,S,0,0,1,0,0,0,0,0,0,1
243,0.0,3,22.0,0,0,STON/O 2. 3101275,7.125,,S,0,0,1,0,0,0,0,0,0,1
244,0.0,3,30.0,0,0,2694,7.225,,C,0,0,1,0,0,0,0,1,0,0
245,0.0,1,44.0,2,0,19928,90.0,C78,Q,0,0,0,0,1,0,0,0,1,0
246,0.0,3,25.0,0,0,347071,7.775,,S,0,1,0,0,0,0,1,0,0,1
247,1.0,2,24.0,0,2,250649,14.5,,S,0,0,0,1,0,0,1,0,0,1
248,1.0,1,37.0,1,1,11751,52.5542,D35,S,0,0,1,0,0,0,0,0,0,1
249,0.0,2,54.0,1,0,244252,26.0,,S,0,0,0,0,1,0,0,0,0,1
250,0.0,3,26.0,0,0,362316,7.25,,S,0,0,1,0,0,0,0,0,0,1
251,0.0,3,29.0,1,1,347054,10.4625,G6,S,0,0,0,1,0,0,1,0,0,1
252,0.0,1,62.0,0,0,113514,26.55,C87,S,0,0,1,0,0,0,0,0,0,1
253,0.0,3,30.0,1,0,A/5. 3336,16.1,,S,0,0,1,0,0,0,0,0,0,1
254,0.0,3,41.0,0,2,370129,20.2125,,S,0,0,0,1,0,0,1,0,0,1
255,1.0,3,29.0,0,2,2650,15.2458,,C,0,0,0,1,0,0,1,1,0,0
256,1.0,1,40.0,0,0,PC 17585,79.2,,C,0,0,0,1,0,0,1,1,0,0
257,1.0,1,30.0,0,0,110152,86.5,B77,S,0,1,0,0,0,0,1,0,0,1
258,1.0,1,35.0,0,0,PC 17755,512.3292,,C,0,1,0,0,0,0,1,1,0,0
259,1.0,2,50.0,0,1,230433,26.0,,S,0,0,0,1,0,0,1,0,0,1
260,0.0,3,26.0,0,0,384461,7.75,,Q,0,0,1,0,0,0,0,0,1,0
261,1.0,3,3.0,4,2,347077,31.3875,,S,1,0,0,0,0,0,0,0,0,1
262,0.0,1,52.0,1,1,110413,79.65,E67,S,0,0,1,0,0,0,0,0,0,1
263,0.0,1,40.0,0,0,112059,0.0,B94,S,0,0,1,0,0,0,0,0,0,1
264,0.0,3,18.0,0,0,382649,7.75,,Q,0,1,0,0,0,0,1,0,1,0
265,0.0,2,36.0,0,0,C.A. 17248,10.5,,S,0,0,1,0,0,0,0,0,0,1
266,0.0,3,16.0,4,1,3101295,39.6875,,S,0,0,1,0,0,0,0,0,0,1
267,1.0,3,25.0,1,0,347083,7.775,,S,0,0,1,0,0,0,0,0,0,1
268,1.0,1,58.0,0,1,PC 17582,153.4625,C125,S,0,0,0,1,0,0,1,0,0,1
269,1.0,1,35.0,0,0,PC 17760,135.6333,C99,S,0,1,0,0,0,0,1,0,0,1
270,0.0,1,40.0,0,0,113798,31.0,,S,0,0,1,0,0,0,0,0,0,1
271,1.0,3,25.0,0,0,LINE,0.0,,S,0,0,1,0,0,0,0,0,0,1
272,1.0,2,41.0,0,1,250644,19.5,,S,0,0,0,1,0,0,1,0,0,1
273,0.0,1,37.0,0,1,PC 17596,29.7,C118,C,0,0,1,0,0,0,0,1,0,0
274,1.0,3,18.0,0,0,370375,7.75,,Q,0,1,0,0,0,0,1,0,1,0
275,1.0,1,63.0,1,0,13502,77.9583,D7,S,0,1,0,0,0,0,1,0,0,1
276,0.0,3,45.0,0,0,347073,7.75,,S,0,1,0,0,0,0,1,0,0,1
277,0.0,2,31.0,0,0,239853,0.0,,S,0,0,1,0,0,0,0,0,0,1
278,0.0,3,7.0,4,1,382652,29.125,,Q,1,0,0,0,0,0,0,0,1,0
279,1.0,3,35.0,1,1,C.A. 2673,20.25,,S,0,0,0,1,0,0,1,0,0,1
280,0.0,3,65.0,0,0,336439,7.75,,Q,0,0,1,0,0,0,0,0,1,0
281,0.0,3,28.0,0,0,347464,7.8542,,S,0,0,1,0,0,0,0,0,0,1
282,0.0,3,16.0,0,0,345778,9.5,,S,0,0,1,0,0,0,0,0,0,1
283,1.0,3,19.0,0,0,A/5. 10482,8.05,,S,0,0,1,0,0,0,0,0,0,1
284,0.0,1,40.0,0,0,113056,26.0,A19,S,0,0,1,0,0,0,0,0,0,1
285,0.0,3,33.0,0,0,349239,8.6625,,C,0,0,1,0,0,0,0,1,0,0
286,1.0,3,30.0,0,0,345774,9.5,,S,0,0,1,0,0,0,0,0,0,1
287,0.0,3,22.0,0,0,349206,7.8958,,S,0,0,1,0,0,0,0,0,0,1
288,1.0,2,42.0,0,0,237798,13.0,,S,0,0,1,0,0,0,0,0,0,1
289,1.0,3,22.0,0,0,370373,7.75,,Q,0,1,0,0,0,0,1,0,1,0
290,1.0,1,26.0,0,0,19877,78.85,,S,0,1,0,0,0,0,1,0,0,1
291,1.0,1,19.0,1,0,11967,91.0792,B49,C,0,0,0,1,0,0,1,1,0,0
292,0.0,2,36.0,0,0,SC/Paris 2163,12.875,D,C,0,0,1,0,0,0,0,1,0,0
293,0.0,3,24.0,0,0,349236,8.85,,S,0,1,0,0,0,0,1,0,0,1
294,0.0,3,24.0,0,0,349233,7.8958,,S,0,0,1,0,0,0,0,0,0,1
295,0.0,1,40.0,0,0,PC 17612,27.7208,,C,0,0,1,0,0,0,0,1,0,0
296,0.0,3,23.5,0,0,2693,7.2292,,C,0,0,1,0,0,0,0,1,0,0
297,0.0,1,2.0,1,2,113781,151.55,C22 C26,S,0,1,0,0,0,0,1,0,0,1
298,1.0,1,40.0,0,0,19988,30.5,C106,S,0,0,1,0,0,0,0,0,0,1
299,1.0,1,50.0,0,1,PC 17558,247.5208,B58 B60,C,0,0,0,1,0,0,1,1,0,0
300,1.0,3,18.0,0,0,9234,7.75,,Q,0,1,0,0,0,0,1,0,1,0
301,1.0,3,26.0,2,0,367226,23.25,,Q,0,0,1,0,0,0,0,0,1,0
302,0.0,3,19.0,0,0,LINE,0.0,,S,0,0,1,0,0,0,0,0,0,1
303,1.0,2,24.0,0,0,226593,12.35,E101,Q,0,1,0,0,0,0,1,0,1,0
304,0.0,3,26.0,0,0,A/5 2466,8.05,,S,0,0,1,0,0,0,0,0,0,1
305,1.0,1,0.92,1,2,113781,151.55,C22 C26,S,1,0,0,0,0,0,0,0,0,1
306,1.0,1,30.0,0,0,17421,110.8833,,C,0,1,0,0,0,0,1,1,0,0
307,1.0,1,17.0,1,0,PC 17758,108.9,C65,C,0,0,0,1,0,0,1,1,0,0
308,0.0,2,30.0,1,0,P/PP 3381,24.0,,C,0,0,1,0,0,0,0,1,0,0
309,1.0,1,30.0,0,0,PC 17485,56.9292,E36,C,0,1,0,0,0,0,1,1,0,0
310,1.0,1,24.0,0,0,11767,83.1583,C54,C,0,1,0,0,0,0,1,1,0,0
311,1.0,1,18.0,2,2,PC 17608,262.375,B57 B59 B63 B66,C,0,1,0,0,0,0,1,1,0,0
312,0.0,2,26.0,1,1,250651,26.0,,S,0,0,0,1,0,0,1,0,0,1
313,0.0,3,28.0,0,0,349243,7.8958,,S,0,0,1,0,0,0,0,0,0,1
314,0.0,2,43.0,1,1,F.C.C. 13529,26.25,,S,0,0,1,0,0,0,0,0,0,1
315,1.0,3,26.0,0,0,347470,7.8542,,S,0,1,0,0,0,0,1,0,0,1
316,1.0,2,24.0,1,0,244367,26.0,,S,0,0,0,1,0,0,1,0,0,1
317,0.0,2,54.0,0,0,29011,14.0,,S,0,0,0,0,1,0,0,0,0,1
318,1.0,1,31.0,0,2,36928,164.8667,C7,S,0,1,0,0,0,0,1,0,0,1
319,1.0,1,40.0,1,1,16966,134.5,E34,C,0,0,0,1,0,0,1,1,0,0
320,0.0,3,22.0,0,0,A/5 21172,7.25,,S,0,0,1,0,0,0,0,0,0,1
321,0.0,3,27.0,0,0,349219,7.8958,,S,0,0,1,0,0,0,0,0,0,1
322,1.0,2,30.0,0,0,234818,12.35,,Q,0,1,0,0,0,0,1,0,1,0
323,1.0,2,22.0,1,1,248738,29.0,,S,0,0,0,1,0,0,1,0,0,1
324,0.0,3,26.0,8,2,CA. 2343,69.55,,S,0,0,1,0,0,0,0,0,0,1
325,1.0,1,36.0,0,0,PC 17760,135.6333,C32,C,0,1,0,0,0,0,1,1,0,0
326,0.0,3,61.0,0,0,345364,6.2375,,S,0,0,1,0,0,0,0,0,0,1
327,1.0,2,36.0,0,0,28551,13.0,D,S,0,0,0,1,0,0,1,0,0,1
328,1.0,3,31.0,1,1,363291,20.525,,S,0,0,0,1,0,0,1,0,0,1
329,1.0,1,16.0,0,1,111361,57.9792,B18,C,0,1,0,0,0,0,1,1,0,0
330,1.0,3,18.0,2,0,367226,23.25,,Q,0,1,0,0,0,0,1,0,1,0
331,0.0,1,45.5,0,0,113043,28.5,C124,S,0,0,1,0,0,0,0,0,0,1
332,0.0,1,38.0,0,1,PC 17582,153.4625,C91,S,0,0,1,0,0,0,0,0,0,1
333,0.0,3,16.0,2,0,345764,18.0,,S,0,0,1,0,0,0,0,0,0,1
334,1.0,1,40.0,1,0,PC 17611,133.65,,S,0,0,0,1,0,0,1,0,0,1
335,0.0,3,26.0,0,0,349225,7.8958,,S,0,0,1,0,0,0,0,0,0,1
336,0.0,1,29.0,1,0,113776,66.6,C2,S,0,0,1,0,0,0,0,0,0,1
337,1.0,1,41.0,0,0,16966,134.5,E40,C,0,1,0,0,0,0,1,1,0,0
338,1.0,3,45.0,0,0,7598,8.05,,S,0,0,1,0,0,0,0,0,0,1
339,0.0,1,45.0,0,0,113784,35.5,T,S,0,0,1,0,0,0,0,0,0,1
340,1.0,2,2.0,1,1,230080,26.0,F2,S,1,0,0,0,0,0,0,0,0,1
341,1.0,1,24.0,3,2,19950,263.0,C23 C25 C27,S,0,1,0,0,0,0,1,0,0,1
342,0.0,2,28.0,0,0,248740,13.0,,S,0,0,1,0,0,0,0,0,0,1
343,0.0,2,25.0,0,0,244361,13.0,,S,0,0,1,0,0,0,0,0,0,1
344,0.0,2,36.0,0,0,229236,13.0,,S,0,0,1,0,0,0,0,0,0,1
345,1.0,2,24.0,0,0,248733,13.0,F33,S,0,1,0,0,0,0,1,0,0,1
346,1.0,2,40.0,0,0,31418,13.0,,S,0,1,0,0,0,0,1,0,0,1
347,1.0,3,31.0,1,0,386525,16.1,,S,0,0,0,1,0,0,1,0,0,1
348,1.0,3,3.0,1,1,C.A. 37671,15.9,,S,1,0,0,0,0,0,0,0,0,1
349,0.0,3,42.0,0,0,315088,8.6625,,S,0,0,1,0,0,0,0,0,0,1
350,0.0,3,23.0,0,0,7267,9.225,,S,0,0,1,0,0,0,0,0,0,1
351,0.0,1,40.0,0,0,113510,35.0,C128,S,0,0,1,0,0,0,0,0,0,1
352,0.0,3,15.0,1,1,2695,7.2292,,C,0,0,1,0,0,0,0,1,0,0
353,0.0,3,25.0,1,0,349237,17.8,,S,0,0,1,0,0,0,0,0,0,1
354,0.0,3,26.0,0,0,2647,7.225,,C,0,0,1,0,0,0,0,1,0,0
355,0.0,3,28.0,0,0,345783,9.5,,S,0,0,1,0,0,0,0,0,0,1
356,1.0,1,22.0,0,1,113505,55.0,E33,S,0,1,0,0,0,0,1,0,0,1
357,0.0,2,38.0,0,0,237671,13.0,,S,0,1,0,0,0,0,1,0,0,1
358,1.0,3,18.0,0,0,330931,7.8792,,Q,0,1,0,0,0,0,1,0,1,0
359,1.0,3,18.0,0,0,330980,7.8792,,Q,0,1,0,0,0,0,1,0,1,0
360,0.0,3,40.0,1,4,347088,27.9,,S,0,0,1,0,0,0,0,0,0,1
361,0.0,2,29.0,1,0,SC/PARIS 2167,27.7208,,C,0,0,1,0,0,0,0,1,0,0
362,0.0,3,45.0,0,1,2691,14.4542,,C,0,0,0,1,0,0,1,1,0,0
363,0.0,3,35.0,0,0,SOTON/O.Q. 3101310,7.05,,S,0,0,1,0,0,0,0,0,0,1
364,0.0,3,26.0,1,0,370365,15.5,,Q,0,0,1,0,0,0,0,0,1,0
365,0.0,3,30.0,0,0,C 7076,7.25,,S,0,0,1,0,0,0,0,0,0,1
366,1.0,1,60.0,1,0,110813,75.25,D37,C,0,0,0,1,0,0,1,1,0,0
367,1.0,3,31.0,0,0,2626,7.2292,,C,0,0,0,1,0,0,1,1,0,0
368,1.0,3,18.0,0,0,14313,7.75,,Q,0,1,0,0,0,0,1,0,1,0
369,1.0,1,24.0,0,0,PC 17477,69.3,B35,C,0,0,0,1,0,0,1,1,0,0
370,1.0,1,25.0,1,0,11765,55.4417,E50,C,0,0,1,0,0,0,0,1,0,0
371,0.0,3,18.0,1,0,3101267,6.4958,,S,0,0,1,0,0,0,0,0,0,1
372,0.0,3,19.0,0,0,323951,8.05,,S,0,0,1,0,0,0,0,0,0,1
373,0.0,1,22.0,0,0,PC 17760,135.6333,,C,0,0,1,0,0,0,0,1,0,0
374,0.0,3,3.0,3,1,349909,21.075,,S,0,1,0,0,0,0,1,0,0,1
375,1.0,1,40.0,1,0,PC 17604,82.1708,,C,0,0,0,1,0,0,1,1,0,0
376,1.0,3,22.0,0,0,C 7077,7.25,,S,0,1,0,0,0,0,1,0,0,1
377,0.0,1,27.0,0,2,113503,211.5,C82,C,0,0,1,0,0,0,0,1,0,0
378,0.0,3,20.0,0,0,2648,4.0125,,C,0,0,1,0,0,0,0,1,0,0
379,0.0,3,19.0,0,0,347069,7.775,,S,0,0,1,0,0,0,0,0,0,1
380,1.0,1,42.0,0,0,PC 17757,227.525,,C,0,1,0,0,0,0,1,1,0,0
381,1.0,3,1.0,0,2,2653,15.7417,,C,0,1,0,0,0,0,1,1,0,0
382,0.0,3,32.0,0,0,STON/O 2. 3101293,7.925,,S,0,0,1,0,0,0,0,0,0,1
383,1.0,1,35.0,1,0,113789,52.0,,S,0,0,0,1,0,0,1,0,0,1
384,0.0,3,26.0,0,0,349227,7.8958,,S,0,0,1,0,0,0,0,0,0,1
385,0.0,2,18.0,0,0,S.O.C. 14879,73.5,,S,0,0,1,0,0,0,0,0,0,1
386,0.0,3,1.0,5,2,CA 2144,46.9,,S,1,0,0,0,0,0,0,0,0,1
387,1.0,2,36.0,0,0,27849,13.0,,S,0,1,0,0,0,0,1,0,0,1
388,0.0,3,26.0,0,0,367655,7.7292,,Q,0,0,1,0,0,0,0,0,1,0
389,1.0,2,17.0,0,0,SC 1748,12.0,,C,0,1,0,0,0,0,1,1,0,0
390,1.0,1,36.0,1,2,113760,120.0,B96 B98,S,0,0,1,0,0,0,0,0,0,1
391,1.0,3,21.0,0,0,350034,7.7958,,S,0,0,1,0,0,0,0,0,0,1
392,0.0,3,28.0,2,0,3101277,7.925,,S,0,0,1,0,0,0,0,0,0,1
393,1.0,1,23.0,1,0,35273,113.275,D36,C,0,1,0,0,0,0,1,1,0,0
394,1.0,3,24.0,0,2,PP 9549,16.7,G6,S,0,0,0,1,0,0,1,0,0,1
395,0.0,3,22.0,0,0,350052,7.7958,,S,0,0,1,0,0,0,0,0,0,1
396,0.0,3,31.0,0,0,350407,7.8542,,S,0,1,0,0,0,0,1,0,0,1
397,0.0,2,46.0,0,0,28403,26.0,,S,0,0,1,0,0,0,0,0,0,1
398,0.0,2,23.0,0,0,244278,10.5,,S,0,0,0,0,1,0,0,0,0,1
399,1.0,2,28.0,0,0,240929,12.65,,S,0,0,0,1,0,0,1,0,0,1
400,1.0,3,39.0,0,0,STON/O 2. 3101289,7.925,,S,0,0,1,0,0,0,0,0,0,1
401,0.0,3,26.0,0,0,341826,8.05,,S,0,0,1,0,0,0,0,0,0,1
402,0.0,3,21.0,1,0,4137,9.825,,S,0,1,0,0,0,0,1,0,0,1
403,0.0,3,28.0,1,0,STON/O2. 3101279,15.85,,S,0,0,1,0,0,0,0,0,0,1
404,0.0,3,20.0,0,0,315096,8.6625,,S,0,1,0,0,0,0,1,0,0,1
405,0.0,2,34.0,1,0,28664,21.0,,S,0,0,1,0,0,0,0,0,0,1
406,0.0,3,51.0,0,0,347064,7.75,,S,0,0,1,0,0,0,0,0,0,1
407,1.0,2,3.0,1,1,29106,18.75,,S,1,0,0,0,0,0,0,0,0,1
408,0.0,3,21.0,0,0,312992,7.775,,S,0,0,1,0,0,0,0,0,0,1
409,0.0,3,18.0,3,1,4133,25.4667,,S,0,1,0,0,0,0,1,0,0,1
410,0.0,3,26.0,0,0,349222,7.8958,,S,0,0,1,0,0,0,0,0,0,1
411,0.0,3,26.0,0,0,394140,6.8583,,Q,0,0,1,0,0,0,0,0,1,0
412,1.0,1,33.0,1,0,19928,90.0,C78,Q,0,1,0,0,0,0,1,0,1,0
413,0.0,2,31.0,0,0,239853,0.0,,S,0,0,1,0,0,0,0,0,0,1
414,1.0,3,44.0,0,0,STON/O 2. 3101269,7.925,,S,0,0,1,0,0,0,0,0,0,1
415,0.0,3,31.0,0,0,343095,8.05,,S,0,0,0,1,0,0,1,0,0,1
416,1.0,2,34.0,1,1,28220,32.5,,S,0,0,0,1,0,0,1,0,0,1
417,1.0,2,18.0,0,2,250652,13.0,,S,0,1,0,0,0,0,1,0,0,1
418,0.0,2,30.0,0,0,28228,13.0,,S,0,0,1,0,0,0,0,0,0,1
419,0.0,3,10.0,0,2,345773,24.15,,S,0,1,0,0,0,0,1,0,0,1
420,0.0,3,26.0,0,0,349254,7.8958,,C,0,0,1,0,0,0,0,1,0,0
421,0.0,3,21.0,0,0,A/5. 13032,7.7333,,Q,0,0,1,0,0,0,0,0,1,0
422,0.0,3,29.0,0,0,315082,7.875,,S,0,0,1,0,0,0,0,0,0,1
423,0.0,3,28.0,1,1,347080,14.4,,S,0,0,0,1,0,0,1,0,0,1
424,0.0,3,18.0,1,1,370129,20.2125,,S,0,0,1,0,0,0,0,0,0,1
425,0.0,3,26.0,0,0,A/4. 34244,7.25,,S,0,0,1,0,0,0,0,0,0,1
426,1.0,2,28.0,1,0,2003,26.0,,S,0,0,0,1,0,0,1,0,0,1
427,1.0,2,19.0,0,0,250655,26.0,,S,0,1,0,0,0,0,1,0,0,1
428,0.0,3,26.0,0,0,364851,7.75,,Q,0,0,1,0,0,0,0,0,1,0
429,1.0,3,32.0,0,0,SOTON/O.Q. 392078,8.05,E10,S,0,0,1,0,0,0,0,0,0,1
430,1.0,1,28.0,0,0,110564,26.55,C52,S,0,0,1,0,0,0,0,0,0,1
431,1.0,3,31.0,1,0,376564,16.1,,S,0,0,0,1,0,0,1,0,0,1
432,1.0,2,42.0,1,0,SC/AH 3085,26.0,,S,0,0,0,1,0,0,1,0,0,1
433,0.0,3,17.0,0,0,STON/O 2. 3101274,7.125,,S,0,0,1,0,0,0,0,0,0,1
434,0.0,1,50.0,1,0,13507,55.9,E44,S,0,0,1,0,0,0,0,0,0,1
435,1.0,1,14.0,1,2,113760,120.0,B96 B98,S,0,1,0,0,0,0,1,0,0,1
436,0.0,3,21.0,2,2,W./C. 6608,34.375,,S,0,1,0,0,0,0,1,0,0,1
437,1.0,2,24.0,2,3,29106,18.75,,S,0,0,0,1,0,0,1,0,0,1
438,0.0,1,64.0,1,4,19950,263.0,C23 C25 C27,S,0,0,1,0,0,0,0,0,0,1
439,0.0,2,31.0,0,0,C.A. 18723,10.5,,S,0,0,1,0,0,0,0,0,0,1
440,1.0,2,45.0,1,1,F.C.C. 13529,26.25,,S,0,0,0,1,0,0,1,0,0,1
441,0.0,3,20.0,0,0,345769,9.5,,S,0,0,1,0,0,0,0,0,0,1
442,0.0,3,25.0,1,0,347076,7.775,,S,0,0,1,0,0,0,0,0,0,1
443,1.0,2,28.0,0,0,230434,13.0,,S,0,0,0,1,0,0,1,0,0,1
444,1.0,3,26.0,0,0,65306,8.1125,,S,0,0,1,0,0,0,0,0,0,1
445,1.0,1,4.0,0,2,33638,81.8583,A34,S,1,0,0,0,0,0,0,0,0,1
446,1.0,2,13.0,0,1,250644,19.5,,S,0,1,0,0,0,0,1,0,0,1
447,1.0,1,34.0,0,0,113794,26.55,,S,0,0,1,0,0,0,0,0,0,1
448,1.0,3,5.0,2,1,2666,19.2583,,C,0,1,0,0,0,0,1,1,0,0
449,1.0,1,52.0,0,0,113786,30.5,C104,S,0,0,0,0,1,0,0,0,0,1
450,0.0,2,36.0,1,2,C.A. 34651,27.75,,S,0,0,1,0,0,0,0,0,0,1
451,0.0,3,26.0,1,0,65303,19.9667,,S,0,0,1,0,0,0,0,0,0,1
452,0.0,1,30.0,0,0,113051,27.75,C111,C,0,0,1,0,0,0,0,1,0,0
453,1.0,1,49.0,1,0,17453,89.1042,C92,C,0,0,1,0,0,0,0,1,0,0
454,0.0,3,26.0,0,0,A/5 2817,8.05,,S,0,0,1,0,0,0,0,0,0,1
455,1.0,3,29.0,0,0,349240,7.8958,,C,0,0,1,0,0,0,0,1,0,0
456,0.0,1,65.0,0,0,13509,26.55,E38,S,0,0,1,0,0,0,0,0,0,1
457,1.0,1,40.0,1,0,17464,51.8625,D21,S,0,0,0,1,0,0,1,0,0,1
458,1.0,2,50.0,0,0,F.C.C. 13531,10.5,,S,0,1,0,0,0,0,1,0,0,1
459,0.0,3,26.0,0,0,371060,7.75,,Q,0,0,1,0,0,0,0,0,1,0
460,1.0,1,48.0,0,0,19952,26.55,E12,S,0,0,1,0,0,0,0,0,0,1
461,0.0,3,34.0,0,0,364506,8.05,,S,0,0,1,0,0,0,0,0,0,1
462,0.0,1,47.0,0,0,111320,38.5,E63,S,0,0,1,0,0,0,0,0,0,1
463,0.0,2,48.0,0,0,234360,13.0,,S,0,0,1,0,0,0,0,0,0,1
464,0.0,3,26.0,0,0,A/S 2816,8.05,,S,0,0,1,0,0,0,0,0,0,1
465,0.0,3,38.0,0,0,SOTON/O.Q. 3101306,7.05,,S,0,0,1,0,0,0,0,0,0,1
466,0.0,2,31.0,0,0,239853,0.0,,S,0,0,1,0,0,0,0,0,0,1
467,0.0,1,56.0,0,0,113792,26.55,,S,0,0,1,0,0,0,0,0,0,1
468,0.0,3,26.0,0,0,36209,7.725,,Q,0,0,1,0,0,0,0,0,1,0
469,1.0,3,0.75,2,1,2666,19.2583,,C,0,1,0,0,0,0,1,1,0,0
470,0.0,3,26.0,0,0,323592,7.25,,S,0,0,1,0,0,0,0,0,0,1
471,0.0,3,38.0,0,0,315089,8.6625,,S,0,0,1,0,0,0,0,0,0,1
472,1.0,2,33.0,1,2,C.A. 34651,27.75,,S,0,0,0,1,0,0,1,0,0,1
473,1.0,2,23.0,0,0,SC/AH Basle 541,13.7917,D,C,0,0,0,1,0,0,1,1,0,0
474,0.0,3,22.0,0,0,7553,9.8375,,S,0,1,0,0,0,0,1,0,0,1
475,0.0,1,40.0,0,0,110465,52.0,A14,S,0,0,1,0,0,0,0,0,0,1
476,0.0,2,34.0,1,0,31027,21.0,,S,0,0,1,0,0,0,0,0,0,1
477,0.0,3,29.0,1,0,3460,7.0458,,S,0,0,1,0,0,0,0,0,0,1
478,0.0,3,22.0,0,0,350060,7.5208,,S,0,0,1,0,0,0,0,0,0,1
479,1.0,3,2.0,0,1,3101298,12.2875,,S,0,1,0,0,0,0,1,0,0,1
480,0.0,3,9.0,5,2,CA 2144,46.9,,S,1,0,0,0,0,0,0,0,0,1
481,0.0,2,31.0,0,0,239854,0.0,,S,0,0,1,0,0,0,0,0,0,1
482,0.0,3,50.0,0,0,A/5 3594,8.05,,S,0,0,1,0,0,0,0,0,0,1
483,1.0,3,63.0,0,0,4134,9.5875,,S,0,0,0,1,0,0,1,0,0,1
484,1.0,1,25.0,1,0,11967,91.0792,B49,C,0,0,1,0,0,0,0,1,0,0
485,0.0,3,18.0,3,1,4133,25.4667,,S,0,1,0,0,0,0,1,0,0,1
486,1.0,1,35.0,1,0,19943,90.0,C93,S,0,0,0,1,0,0,1,0,0,1
487,0.0,1,58.0,0,0,11771,29.7,B37,C,0,0,1,0,0,0,0,1,0,0
488,0.0,3,30.0,0,0,A.5. 18509,8.05,,S,0,0,1,0,0,0,0,0,0,1
489,1.0,3,9.0,1,1,C.A. 37671,15.9,,S,1,0,0,0,0,0,0,0,0,1
490,0.0,3,26.0,1,0,65304,19.9667,,S,0,0,1,0,0,0,0,0,0,1
491,0.0,3,21.0,0,0,SOTON/OQ 3101317,7.25,,S,0,0,1,0,0,0,0,0,0,1
492,0.0,1,55.0,0,0,113787,30.5,C30,S,0,0,1,0,0,0,0,0,0,1
493,0.0,1,71.0,0,0,PC 17609,49.5042,,C,0,0,1,0,0,0,0,1,0,0
494,0.0,3,21.0,0,0,A/4 45380,8.05,,S,0,0,1,0,0,0,0,0,0,1
495,0.0,3,26.0,0,0,2627,14.4583,,C,0,0,1,0,0,0,0,1,0,0
496,1.0,1,54.0,1,0,36947,78.2667,D20,C,0,1,0,0,0,0,1,1,0,0
497,0.0,3,26.0,0,0,C.A. 6212,15.1,,S,0,0,1,0,0,0,0,0,0,1
498,0.0,1,25.0,1,2,113781,151.55,C22 C26,S,0,0,0,1,0,0,1,0,0,1
499,0.0,3,24.0,0,0,350035,7.7958,,S,0,0,1,0,0,0,0,0,0,1
500,0.0,3,17.0,0,0,315086,8.6625,,S,0,0,1,0,0,0,0,0,0,1
501,0.0,3,21.0,0,0,364846,7.75,,Q,0,1,0,0,0,0,1,0,1,0
502,0.0,3,18.0,0,0,330909,7.6292,,Q,0,1,0,0,0,0,1,0,1,0
503,0.0,3,37.0,0,0,4135,9.5875,,S,0,1,0,0,0,0,1,0,0,1
504,1.0,1,16.0,0,0,110152,86.5,B79,S,0,1,0,0,0,0,1,0,0,1
505,0.0,1,18.0,1,0,PC 17758,108.9,C65,C,0,0,1,0,0,0,0,1,0,0
506,1.0,2,33.0,0,2,26360,26.0,,S,0,0,0,1,0,0,1,0,0,1
507,1.0,1,40.0,0,0,111427,26.55,,S,0,0,1,0,0,0,0,0,0,1
508,0.0,3,28.0,0,0,C 4001,22.525,,S,0,0,1,0,0,0,0,0,0,1
509,1.0,3,26.0,0,0,1601,56.4958,,S,0,0,1,0,0,0,0,0,0,1
510,1.0,3,29.0,0,0,382651,7.75,,Q,0,0,1,0,0,0,0,0,1,0
511,0.0,3,26.0,0,0,SOTON/OQ 3101316,8.05,,S,0,0,1,0,0,0,0,0,0,1
512,1.0,1,36.0,0,0,PC 17473,26.2875,E25,S,0,0,1,0,0,0,0,0,0,1
513,1.0,1,54.0,1,0,PC 17603,59.4,,C,0,0,0,1,0,0,1,1,0,0
514,0.0,3,24.0,0,0,349209,7.4958,,S,0,0,1,0,0,0,0,0,0,1
515,0.0,1,47.0,0,0,36967,34.0208,D46,S,0,0,1,0,0,0,0,0,0,1
516,1.0,2,34.0,0,0,C.A. 34260,10.5,F33,S,0,0,0,1,0,0,1,0,0,1
517,0.0,3,26.0,0,0,371110,24.15,,Q,0,0,1,0,0,0,0,0,1,0
518,1.0,2,36.0,1,0,226875,26.0,,S,0,0,0,1,0,0,1,0,0,1
519,0.0,3,32.0,0,0,349242,7.8958,,S,0,0,1,0,0,0,0,0,0,1
520,1.0,1,30.0,0,0,12749,93.5,B73,S,0,1,0,0,0,0,1,0,0,1
521,0.0,3,22.0,0,0,349252,7.8958,,S,0,0,1,0,0,0,0,0,0,1
522,0.0,3,26.0,0,0,2624,7.225,,C,0,0,1,0,0,0,0,1,0,0
523,1.0,1,44.0,0,1,111361,57.9792,B18,C,0,0,0,1,0,0,1,1,0,0
524,0.0,3,26.0,0,0,2700,7.2292,,C,0,0,1,0,0,0,0,1,0,0
525,0.0,3,40.5,0,0,367232,7.75,,Q,0,0,1,0,0,0,0,0,1,0
526,1.0,2,50.0,0,0,W./C. 14258,10.5,,S,0,1,0,0,0,0,1,0,0,1
527,0.0,1,40.0,0,0,PC 17483,221.7792,C95,S,0,0,1,0,0,0,0,0,0,1
528,0.0,3,39.0,0,0,3101296,7.925,,S,0,0,1,0,0,0,0,0,0,1
529,0.0,2,23.0,2,1,29104,11.5,,S,0,0,1,0,0,0,0,0,0,1
530,1.0,2,2.0,1,1,26360,26.0,,S,0,1,0,0,0,0,1,0,0,1
531,0.0,3,26.0,0,0,2641,7.2292,,C,0,0,1,0,0,0,0,1,0,0
532,0.0,3,17.0,1,1,2690,7.2292,,C,0,0,1,0,0,0,0,1,0,0
533,1.0,3,31.0,0,2,2668,22.3583,,C,0,0,0,1,0,0,1,1,0,0
534,0.0,3,30.0,0,0,315084,8.6625,,S,0,1,0,0,0,0,1,0,0,1
535,1.0,2,7.0,0,2,F.C.C. 13529,26.25,,S,0,1,0,0,0,0,1,0,0,1
536,0.0,1,45.0,0,0,113050,26.55,B38,S,0,0,0,0,1,0,0,0,0,1
537,1.0,1,30.0,0,0,PC 17761,106.425,,C,0,1,0,0,0,0,1,1,0,0
538,0.0,3,26.0,0,0,364498,14.5,,S,0,0,1,0,0,0,0,0,0,1
539,1.0,1,22.0,0,2,13568,49.5,B39,C,0,1,0,0,0,0,1,1,0,0
540,1.0,1,36.0,0,2,WE/P 5735,71.0,B22,S,0,1,0,0,0,0,1,0,0,1
541,0.0,3,9.0,4,2,347082,31.275,,S,0,1,0,0,0,0,1,0,0,1
542,0.0,3,11.0,4,2,347082,31.275,,S,0,1,0,0,0,0,1,0,0,1
543,1.0,2,32.0,1,0,2908,26.0,,S,0,0,1,0,0,0,0,0,0,1
544,0.0,1,50.0,1,0,PC 17761,106.425,C86,C,0,0,1,0,0,0,0,1,0,0
545,0.0,1,64.0,0,0,693,26.0,,S,0,0,1,0,0,0,0,0,0,1
546,1.0,2,19.0,1,0,2908,26.0,,S,0,0,0,1,0,0,1,0,0,1
547,1.0,2,31.0,0,0,SC/PARIS 2146,13.8625,,C,0,0,1,0,0,0,0,1,0,0
548,0.0,3,33.0,1,1,363291,20.525,,S,0,0,1,0,0,0,0,0,0,1
549,1.0,2,8.0,1,1,C.A. 33112,36.75,,S,1,0,0,0,0,0,0,0,0,1
550,1.0,1,17.0,0,2,17421,110.8833,C70,C,0,0,1,0,0,0,0,1,0,0
551,0.0,2,27.0,0,0,244358,26.0,,S,0,0,1,0,0,0,0,0,0,1
552,0.0,3,26.0,0,0,330979,7.8292,,Q,0,0,1,0,0,0,0,0,1,0
553,1.0,3,22.0,0,0,2620,7.225,,C,0,0,1,0,0,0,0,1,0,0
554,1.0,3,22.0,0,0,347085,7.775,,S,0,1,0,0,0,0,1,0,0,1
555,0.0,1,62.0,0,0,113807,26.55,,S,0,0,1,0,0,0,0,0,0,1
556,1.0,1,48.0,1,0,11755,39.6,A16,C,0,0,0,0,0,1,1,1,0,0
557,0.0,1,40.0,0,0,PC 17757,227.525,,C,0,0,1,0,0,0,0,1,0,0
558,1.0,1,39.0,1,1,110413,79.65,E67,S,0,0,0,1,0,0,1,0,0,1
559,1.0,3,36.0,1,0,345572,17.4,,S,0,0,0,1,0,0,1,0,0,1
560,0.0,3,26.0,0,0,372622,7.75,,Q,0,0,1,0,0,0,0,0,1,0
561,0.0,3,40.0,0,0,349251,7.8958,,S,0,0,1,0,0,0,0,0,0,1
562,0.0,2,28.0,0,0,218629,13.5,,S,0,0,1,0,0,0,0,0,0,1
563,0.0,3,26.0,0,0,SOTON/OQ 392082,8.05,,S,0,0,1,0,0,0,0,0,0,1
564,0.0,3,18.0,0,0,SOTON/O.Q. 392087,8.05,,S,0,1,0,0,0,0,1,0,0,1
565,0.0,3,24.0,2,0,A/4 48871,24.15,,S,0,0,1,0,0,0,0,0,0,1
566,0.0,3,19.0,0,0,349205,7.8958,,S,0,0,1,0,0,0,0,0,0,1
567,0.0,3,29.0,0,4,349909,21.075,,S,0,0,0,1,0,0,1,0,0,1
568,0.0,3,26.0,0,0,2686,7.2292,,C,0,0,1,0,0,0,0,1,0,0
569,1.0,3,32.0,0,0,350417,7.8542,,S,0,0,1,0,0,0,0,0,0,1
570,1.0,2,62.0,0,0,S.W./PP 752,10.5,,S,0,0,1,0,0,0,0,0,0,1
571,1.0,1,53.0,2,0,11769,51.4792,C101,S,0,0,0,1,0,0,1,0,0,1
572,1.0,1,36.0,0,0,PC 17474,26.3875,E25,S,0,0,1,0,0,0,0,0,0,1
573,1.0,3,18.0,0,0,14312,7.75,,Q,0,1,0,0,0,0,1,0,1,0
574,0.0,3,16.0,0,0,A/4. 20589,8.05,,S,0,0,1,0,0,0,0,0,0,1
575,0.0,3,19.0,0,0,358585,14.5,,S,0,0,1,0,0,0,0,0,0,1
576,1.0,2,34.0,0,0,243880,13.0,,S,0,1,0,0,0,0,1,0,0,1
577,1.0,1,39.0,1,0,13507,55.9,E44,S,0,0,0,1,0,0,1,0,0,1
578,0.0,3,31.0,1,0,2689,14.4583,,C,0,0,0,1,0,0,1,1,0,0
579,1.0,3,32.0,0,0,STON/O 2. 3101286,7.925,,S,0,0,1,0,0,0,0,0,0,1
580,1.0,2,25.0,1,1,237789,30.0,,S,0,1,0,0,0,0,1,0,0,1
581,1.0,1,39.0,1,1,17421,110.8833,C68,C,0,0,0,1,0,0,1,1,0,0
582,0.0,2,54.0,0,0,28403,26.0,,S,0,0,1,0,0,0,0,0,0,1
583,0.0,1,36.0,0,0,13049,40.125,A10,C,0,0,1,0,0,0,0,1,0,0
584,0.0,3,26.0,0,0,3411,8.7125,,C,0,0,1,0,0,0,0,1,0,0
585,1.0,1,18.0,0,2,110413,79.65,E68,S,0,1,0,0,0,0,1,0,0,1
586,0.0,2,47.0,0,0,237565,15.0,,S,0,0,1,0,0,0,0,0,0,1
587,1.0,1,60.0,1,1,13567,79.2,B41,C,0,0,1,0,0,0,0,1,0,0
588,0.0,3,22.0,0,0,14973,8.05,,S,0,0,1,0,0,0,0,0,0,1
589,0.0,3,26.0,0,0,A./5. 3235,8.05,,S,0,0,1,0,0,0,0,0,0,1
590,0.0,3,35.0,0,0,STON/O 2. 3101273,7.125,,S,0,0,1,0,0,0,0,0,0,1
591,1.0,1,52.0,1,0,36947,78.2667,D20,C,0,0,0,1,0,0,1,1,0,0
592,0.0,3,47.0,0,0,A/5 3902,7.25,,S,0,0,1,0,0,0,0,0,0,1
593,0.0,3,18.0,0,2,364848,7.75,,Q,0,1,0,0,0,0,1,0,1,0
594,0.0,2,37.0,1,0,SC/AH 29037,26.0,,S,0,0,1,0,0,0,0,0,0,1
595,0.0,3,36.0,1,1,345773,24.15,,S,0,0,1,0,0,0,0,0,0,1
596,1.0,2,24.0,0,0,248727,33.0,,S,0,1,0,0,0,0,1,0,0,1
597,0.0,3,49.0,0,0,LINE,0.0,,S,0,0,1,0,0,0,0,0,0,1
598,0.0,3,26.0,0,0,2664,7.225,,C,0,0,1,0,0,0,0,1,0,0
599,1.0,1,49.0,1,0,PC 17485,56.9292,A20,C,0,0,0,0,0,1,0,1,0,0
600,1.0,2,24.0,2,1,243847,27.0,,S,0,0,0,1,0,0,1,0,0,1
601,0.0,3,26.0,0,0,349214,7.8958,,S,0,0,1,0,0,0,0,0,0,1
602,0.0,1,40.0,0,0,113796,42.4,,S,0,0,1,0,0,0,0,0,0,1
603,0.0,3,44.0,0,0,364511,8.05,,S,0,0,1,0,0,0,0,0,0,1
604,1.0,1,35.0,0,0,111426,26.55,,C,0,0,1,0,0,0,0,1,0,0
605,0.0,3,36.0,1,0,349910,15.55,,S,0,0,1,0,0,0,0,0,0,1
606,0.0,3,30.0,0,0,349246,7.8958,,S,0,0,1,0,0,0,0,0,0,1
607,1.0,1,27.0,0,0,113804,30.5,,S,0,0,1,0,0,0,0,0,0,1
608,1.0,2,22.0,1,2,SC/Paris 2123,41.5792,,C,0,0,0,1,0,0,1,1,0,0
609,1.0,1,40.0,0,0,PC 17582,153.4625,C125,S,0,1,0,0,0,0,1,0,0,1
610,0.0,3,39.0,1,5,347082,31.275,,S,0,0,0,1,0,0,1,0,0,1
611,0.0,3,26.0,0,0,SOTON/O.Q. 3101305,7.05,,S,0,0,1,0,0,0,0,0,0,1
612,1.0,3,18.0,1,0,367230,15.5,,Q,0,1,0,0,0,0,1,0,1,0
613,0.0,3,26.0,0,0,370377,7.75,,Q,0,0,1,0,0,0,0,0,1,0
614,0.0,3,35.0,0,0,364512,8.05,,S,0,0,1,0,0,0,0,0,0,1
615,1.0,2,24.0,1,2,220845,65.0,,S,0,1,0,0,0,0,1,0,0,1
616,0.0,3,34.0,1,1,347080,14.4,,S,0,0,1,0,0,0,0,0,0,1
617,0.0,3,26.0,1,0,A/5. 3336,16.1,,S,0,0,0,1,0,0,1,0,0,1
618,1.0,2,4.0,2,1,230136,39.0,F4,S,0,1,0,0,0,0,1,0,0,1
619,0.0,2,26.0,0,0,31028,10.5,,S,0,0,1,0,0,0,0,0,0,1
620,0.0,3,27.0,1,0,2659,14.4542,,C,0,0,1,0,0,0,0,1,0,0
621,1.0,1,42.0,1,0,11753,52.5542,D19,S,0,0,1,0,0,0,0,0,0,1
622,1.0,3,20.0,1,1,2653,15.7417,,C,0,0,1,0,0,0,0,1,0,0
623,0.0,3,21.0,0,0,350029,7.8542,,S,0,0,1,0,0,0,0,0,0,1
624,0.0,3,21.0,0,0,54636,16.1,,S,0,0,1,0,0,0,0,0,0,1
625,0.0,1,61.0,0,0,36963,32.3208,D50,S,0,0,1,0,0,0,0,0,0,1
626,0.0,2,57.0,0,0,219533,12.35,,Q,0,0,0,0,1,0,0,0,1,0
627,1.0,1,21.0,0,0,13502,77.9583,D9,S,0,1,0,0,0,0,1,0,0,1
628,0.0,3,26.0,0,0,349224,7.8958,,S,0,0,1,0,0,0,0,0,0,1
629,0.0,3,26.0,0,0,334912,7.7333,,Q,0,0,1,0,0,0,0,0,1,0
630,1.0,1,80.0,0,0,27042,30.0,A23,S,0,0,1,0,0,0,0,0,0,1
631,0.0,3,51.0,0,0,347743,7.0542,,S,0,0,1,0,0,0,0,0,0,1
632,1.0,1,32.0,0,0,13214,30.5,B50,C,0,0,0,0,1,0,0,1,0,0
633,0.0,1,40.0,0,0,112052,0.0,,S,0,0,1,0,0,0,0,0,0,1
634,0.0,3,9.0,3,2,347088,27.9,,S,0,1,0,0,0,0,1,0,0,1
635,1.0,2,28.0,0,0,237668,13.0,,S,0,1,0,0,0,0,1,0,0,1
636,0.0,3,32.0,0,0,STON/O 2. 3101292,7.925,,S,0,0,1,0,0,0,0,0,0,1
637,0.0,2,31.0,1,1,C.A. 31921,26.25,,S,0,0,1,0,0,0,0,0,0,1
638,0.0,3,41.0,0,5,3101295,39.6875,,S,0,0,0,1,0,0,1,0,0,1
639,0.0,3,26.0,1,0,376564,16.1,,S,0,0,1,0,0,0,0,0,0,1
640,0.0,3,20.0,0,0,350050,7.8542,,S,0,0,1,0,0,0,0,0,0,1
641,1.0,1,24.0,0,0,PC 17477,69.3,B35,C,0,1,0,0,0,0,1,1,0,0
642,0.0,3,2.0,3,2,347088,27.9,,S,0,1,0,0,0,0,1,0,0,1
643,1.0,3,26.0,0,0,1601,56.4958,,S,0,0,1,0,0,0,0,0,0,1
644,1.0,3,0.75,2,1,2666,19.2583,,C,0,1,0,0,0,0,1,1,0,0
645,1.0,1,48.0,1,0,PC 17572,76.7292,D33,C,0,0,1,0,0,0,0,1,0,0
646,0.0,3,19.0,0,0,349231,7.8958,,S,0,0,1,0,0,0,0,0,0,1
647,1.0,1,56.0,0,0,13213,35.5,A26,C,0,0,0,0,1,0,0,1,0,0
648,0.0,3,26.0,0,0,S.O./P.P. 751,7.55,,S,0,0,1,0,0,0,0,0,0,1
649,1.0,3,23.0,0,0,CA. 2314,7.55,,S,0,1,0,0,0,0,1,0,0,1
650,0.0,3,26.0,0,0,349221,7.8958,,S,0,0,1,0,0,0,0,0,0,1
651,1.0,2,18.0,0,1,231919,23.0,,S,0,1,0,0,0,0,1,0,0,1
652,0.0,3,21.0,0,0,8475,8.4333,,S,0,0,1,0,0,0,0,0,0,1
653,1.0,3,18.0,0,0,330919,7.8292,,Q,0,1,0,0,0,0,1,0,1,0
654,0.0,3,18.0,0,0,365226,6.75,,Q,0,1,0,0,0,0,1,0,1,0
655,0.0,2,24.0,2,0,S.O.C. 14879,73.5,,S,0,0,1,0,0,0,0,0,0,1
656,0.0,3,26.0,0,0,349223,7.8958,,S,0,0,1,0,0,0,0,0,0,1
657,0.0,3,32.0,1,1,364849,15.5,,Q,0,0,0,1,0,0,1,0,1,0
658,0.0,2,23.0,0,0,29751,13.0,,S,0,0,1,0,0,0,0,0,0,1
659,0.0,1,58.0,0,2,35273,113.275,D48,C,0,0,1,0,0,0,0,1,0,0
660,1.0,1,50.0,2,0,PC 17611,133.65,,S,0,0,0,0,1,0,0,0,0,1
661,0.0,3,40.0,0,0,2623,7.225,,C,0,0,1,0,0,0,0,1,0,0
662,0.0,1,47.0,0,0,5727,25.5875,E58,S,0,0,1,0,0,0,0,0,0,1
663,0.0,3,36.0,0,0,349210,7.4958,,S,0,0,1,0,0,0,0,0,0,1
664,1.0,3,20.0,1,0,STON/O 2. 3101285,7.925,,S,0,0,1,0,0,0,0,0,0,1
665,0.0,2,32.0,2,0,S.O.C. 14879,73.5,,S,0,0,1,0,0,0,0,0,0,1
666,0.0,2,25.0,0,0,234686,13.0,,S,0,0,1,0,0,0,0,0,0,1
667,0.0,3,26.0,0,0,312993,7.775,,S,0,0,1,0,0,0,0,0,0,1
668,0.0,3,43.0,0,0,A/5 3536,8.05,,S,0,0,1,0,0,0,0,0,0,1
669,1.0,1,40.0,1,0,19996,52.0,C126,S,0,0,0,1,0,0,1,0,0,1
670,1.0,2,40.0,1,1,29750,39.0,,S,0,0,0,1,0,0,1,0,0,1
671,0.0,1,31.0,1,0,F.C. 12750,52.0,B71,S,0,0,1,0,0,0,0,0,0,1
672,0.0,2,70.0,0,0,C.A. 24580,10.5,,S,0,0,1,0,0,0,0,0,0,1
673,1.0,2,31.0,0,0,244270,13.0,,S,0,0,1,0,0,0,0,0,0,1
674,0.0,2,31.0,0,0,239856,0.0,,S,0,0,1,0,0,0,0,0,0,1
675,0.0,3,18.0,0,0,349912,7.775,,S,0,0,1,0,0,0,0,0,0,1
676,0.0,3,24.5,0,0,342826,8.05,,S,0,0,1,0,0,0,0,0,0,1
677,1.0,3,18.0,0,0,4138,9.8417,,S,0,1,0,0,0,0,1,0,0,1
678,0.0,3,43.0,1,6,CA 2144,46.9,,S,0,0,0,1,0,0,1,0,0,1
679,1.0,1,36.0,0,1,PC 17755,512.3292,B51 B53 B55,C,0,0,1,0,0,0,0,1,0,0
680,0.0,3,18.0,0,0,330935,8.1375,,Q,0,1,0,0,0,0,1,0,1,0
681,1.0,1,27.0,0,0,PC 17572,76.7292,D49,C,0,0,1,0,0,0,0,1,0,0
682,0.0,3,20.0,0,0,6563,9.225,,S,0,0,1,0,0,0,0,0,0,1
683,0.0,3,14.0,5,2,CA 2144,46.9,,S,0,0,1,0,0,0,0,0,0,1
684,0.0,2,60.0,1,1,29750,39.0,,S,0,0,1,0,0,0,0,0,0,1
685,0.0,2,25.0,1,2,SC/Paris 2123,41.5792,,C,0,0,1,0,0,0,0,1,0,0
686,0.0,3,14.0,4,1,3101295,39.6875,,S,0,0,1,0,0,0,0,0,0,1
687,0.0,3,19.0,0,0,349228,10.1708,,S,0,0,1,0,0,0,0,0,0,1
688,0.0,3,18.0,0,0,350036,7.7958,,S,0,0,1,0,0,0,0,0,0,1
689,1.0,1,15.0,0,1,24160,211.3375,B5,S,0,1,0,0,0,0,1,0,0,1
690,1.0,1,31.0,1,0,17474,57.0,B20,S,0,0,1,0,0,0,0,0,0,1
691,1.0,3,4.0,0,1,349256,13.4167,,C,0,1,0,0,0,0,1,1,0,0
692,1.0,3,26.0,0,0,1601,56.4958,,S,0,0,1,0,0,0,0,0,0,1
693,0.0,3,25.0,0,0,2672,7.225,,C,0,0,1,0,0,0,0,1,0,0
694,0.0,1,60.0,0,0,113800,26.55,,S,0,0,0,0,1,0,0,0,0,1
695,0.0,2,52.0,0,0,248731,13.5,,S,0,0,1,0,0,0,0,0,0,1
696,0.0,3,44.0,0,0,363592,8.05,,S,0,0,1,0,0,0,0,0,0,1
697,1.0,3,18.0,0,0,35852,7.7333,,Q,0,1,0,0,0,0,1,0,1,0
698,0.0,1,49.0,1,1,17421,110.8833,C68,C,0,0,1,0,0,0,0,1,0,0
699,0.0,3,42.0,0,0,348121,7.65,F G63,S,0,0,1,0,0,0,0,0,0,1
700,1.0,1,18.0,1,0,PC 17757,227.525,C62 C64,C,0,0,0,1,0,0,1,1,0,0
701,1.0,1,35.0,0,0,PC 17475,26.2875,E24,S,0,0,1,0,0,0,0,0,0,1
702,0.0,3,18.0,0,1,2691,14.4542,,C,0,1,0,0,0,0,1,1,0,0
703,0.0,3,25.0,0,0,36864,7.7417,,Q,0,0,1,0,0,0,0,0,1,0
704,0.0,3,26.0,1,0,350025,7.8542,,S,0,0,1,0,0,0,0,0,0,1
705,0.0,2,39.0,0,0,250655,26.0,,S,0,0,1,0,0,0,0,0,0,1
706,1.0,2,45.0,0,0,223596,13.5,,S,0,0,0,1,0,0,1,0,0,1
707,1.0,1,42.0,0,0,PC 17476,26.2875,E24,S,0,0,1,0,0,0,0,0,0,1
708,1.0,1,22.0,0,0,113781,151.55,,S,0,1,0,0,0,0,1,0,0,1
709,1.0,3,4.0,1,1,2661,15.2458,,C,1,0,0,0,0,0,0,1,0,0
710,1.0,1,24.0,0,0,PC 17482,49.5042,C90,C,0,1,0,0,0,0,1,1,0,0
711,0.0,1,40.0,0,0,113028,26.55,C124,S,0,0,1,0,0,0,0,0,0,1
712,1.0,1,48.0,1,0,19996,52.0,C126,S,0,0,1,0,0,0,0,0,0,1
713,0.0,3,29.0,0,0,7545,9.4833,,S,0,0,1,0,0,0,0,0,0,1
714,0.0,2,52.0,0,0,250647,13.0,,S,0,0,1,0,0,0,0,0,0,1
715,0.0,3,19.0,0,0,348124,7.65,F G73,S,0,0,1,0,0,0,0,0,0,1
716,1.0,1,38.0,0,0,PC 17757,227.525,C45,C,0,1,0,0,0,0,1,1,0,0
717,1.0,2,27.0,0,0,34218,10.5,E101,S,0,1,0,0,0,0,1,0,0,1
718,0.0,3,26.0,0,0,36568,15.5,,Q,0,0,1,0,0,0,0,0,1,0
719,0.0,3,33.0,0,0,347062,7.775,,S,0,0,1,0,0,0,0,0,0,1
720,1.0,2,6.0,0,1,248727,33.0,,S,0,1,0,0,0,0,1,0,0,1
721,0.0,3,17.0,1,0,350048,7.0542,,S,0,0,1,0,0,0,0,0,0,1
722,0.0,2,34.0,0,0,12233,13.0,,S,0,0,1,0,0,0,0,0,0,1
723,0.0,2,50.0,0,0,250643,13.0,,S,0,0,1,0,0,0,0,0,0,1
724,1.0,1,27.0,1,0,113806,53.1,E8,S,0,0,1,0,0,0,0,0,0,1
725,0.0,3,20.0,0,0,315094,8.6625,,S,0,0,1,0,0,0,0,0,0,1
726,1.0,2,30.0,3,0,31027,21.0,,S,0,0,0,1,0,0,1,0,0,1
727,1.0,3,18.0,0,0,36866,7.7375,,Q,0,1,0,0,0,0,1,0,1,0
728,0.0,2,25.0,1,0,236853,26.0,,S,0,0,1,0,0,0,0,0,0,1
729,0.0,3,25.0,1,0,STON/O2. 3101271,7.925,,S,0,1,0,0,0,0,1,0,0,1
730,1.0,1,29.0,0,0,24160,211.3375,B5,S,0,1,0,0,0,0,1,0,0,1
731,0.0,3,11.0,0,0,2699,18.7875,,C,0,0,1,0,0,0,0,1,0,0
732,0.0,2,31.0,0,0,239855,0.0,,S,0,0,1,0,0,0,0,0,0,1
733,0.0,2,23.0,0,0,28425,13.0,,S,0,0,1,0,0,0,0,0,0,1
734,0.0,2,23.0,0,0,233639,13.0,,S,0,0,1,0,0,0,0,0,0,1
735,0.0,3,28.5,0,0,54636,16.1,,S,0,0,1,0,0,0,0,0,0,1
736,0.0,3,48.0,1,3,W./C. 6608,34.375,,S,0,0,0,1,0,0,1,0,0,1
737,1.0,1,35.0,0,0,PC 17755,512.3292,B101,C,0,0,1,0,0,0,0,1,0,0
738,0.0,3,26.0,0,0,349201,7.8958,,S,0,0,1,0,0,0,0,0,0,1
739,0.0,3,26.0,0,0,349218,7.8958,,S,0,0,1,0,0,0,0,0,0,1
740,1.0,1,40.0,0,0,16988,30.0,D45,S,0,0,1,0,0,0,0,0,0,1
741,0.0,1,36.0,1,0,19877,78.85,C46,S,0,0,1,0,0,0,0,0,0,1
742,1.0,1,21.0,2,2,PC 17608,262.375,B57 B59 B63 B66,C,0,1,0,0,0,0,1,1,0,0
743,0.0,3,24.0,1,0,376566,16.1,,S,0,0,1,0,0,0,0,0,0,1
744,1.0,3,31.0,0,0,STON/O 2. 3101288,7.925,,S,0,0,1,0,0,0,0,0,0,1
745,0.0,1,70.0,1,1,WE/P 5735,71.0,B22,S,0,0,0,0,1,0,0,0,0,1
746,0.0,3,16.0,1,1,C.A. 2673,20.25,,S,0,0,1,0,0,0,0,0,0,1
747,1.0,2,30.0,0,0,250648,13.0,,S,0,1,0,0,0,0,1,0,0,1
748,0.0,1,19.0,1,0,113773,53.1,D30,S,0,0,1,0,0,0,0,0,0,1
749,0.0,3,31.0,0,0,335097,7.75,,Q,0,0,1,0,0,0,0,0,1,0
750,1.0,2,4.0,1,1,29103,23.0,,S,0,1,0,0,0,0,1,0,0,1
751,1.0,3,6.0,0,1,392096,12.475,E121,S,1,0,0,0,0,0,0,0,0,1
752,0.0,3,33.0,0,0,345780,9.5,,S,0,0,1,0,0,0,0,0,0,1
753,0.0,3,23.0,0,0,349204,7.8958,,S,0,0,1,0,0,0,0,0,0,1
754,1.0,2,48.0,1,2,220845,65.0,,S,0,0,0,1,0,0,1,0,0,1
755,1.0,2,0.67,1,1,250649,14.5,,S,1,0,0,0,0,0,0,0,0,1
756,0.0,3,28.0,0,0,350042,7.7958,,S,0,0,1,0,0,0,0,0,0,1
757,0.0,2,18.0,0,0,29108,11.5,,S,0,0,1,0,0,0,0,0,0,1
758,0.0,3,34.0,0,0,363294,8.05,,S,0,0,1,0,0,0,0,0,0,1
759,1.0,1,33.0,0,0,110152,86.5,B77,S,0,0,0,0,0,1,1,0,0,1
760,0.0,3,26.0,0,0,358585,14.5,,S,0,0,1,0,0,0,0,0,0,1
761,0.0,3,41.0,0,0,SOTON/O2 3101272,7.125,,S,0,0,1,0,0,0,0,0,0,1
762,1.0,3,20.0,0,0,2663,7.2292,,C,0,0,1,0,0,0,0,1,0,0
763,1.0,1,36.0,1,2,113760,120.0,B96 B98,S,0,0,0,1,0,0,1,0,0,1
764,0.0,3,16.0,0,0,347074,7.775,,S,0,0,1,0,0,0,0,0,0,1
765,1.0,1,51.0,1,0,13502,77.9583,D11,S,0,0,0,1,0,0,1,0,0,1
766,0.0,1,51.0,0,0,112379,39.6,,C,0,0,0,0,1,0,0,1,0,0
767,0.0,3,30.5,0,0,364850,7.75,,Q,0,1,0,0,0,0,1,0,1,0
768,0.0,3,26.0,1,0,371110,24.15,,Q,0,0,1,0,0,0,0,0,1,0
769,0.0,3,32.0,0,0,8471,8.3625,,S,0,0,1,0,0,0,0,0,0,1
770,0.0,3,24.0,0,0,345781,9.5,,S,0,0,1,0,0,0,0,0,0,1
771,0.0,3,48.0,0,0,350047,7.8542,,S,0,0,1,0,0,0,0,0,0,1
772,0.0,2,57.0,0,0,S.O./P.P. 3,10.5,E77,S,0,0,0,1,0,0,1,0,0,1
773,0.0,3,26.0,0,0,2674,7.225,,C,0,0,1,0,0,0,0,1,0,0
774,1.0,2,54.0,1,3,29105,23.0,,S,0,0,0,1,0,0,1,0,0,1
775,0.0,3,18.0,0,0,347078,7.75,,S,0,0,1,0,0,0,0,0,0,1
776,0.0,3,26.0,0,0,383121,7.75,F38,Q,0,0,1,0,0,0,0,0,1,0
777,1.0,3,5.0,0,0,364516,12.475,,S,0,1,0,0,0,0,1,0,0,1
778,0.0,3,26.0,0,0,36865,7.7375,,Q,0,0,1,0,0,0,0,0,1,0
779,1.0,1,43.0,0,1,24160,211.3375,B3,S,0,0,0,1,0,0,1,0,0,1
780,1.0,3,13.0,0,0,2687,7.2292,,C,0,1,0,0,0,0,1,1,0,0
781,1.0,1,17.0,1,0,17474,57.0,B20,S,0,0,0,1,0,0,1,0,0,1
782,0.0,1,29.0,0,0,113501,30.0,D6,S,0,0,1,0,0,0,0,0,0,1
783,0.0,3,26.0,1,2,W./C. 6607,23.45,,S,0,0,1,0,0,0,0,0,0,1
784,0.0,3,25.0,0,0,SOTON/O.Q. 3101312,7.05,,S,0,0,1,0,0,0,0,0,0,1
785,0.0,3,25.0,0,0,374887,7.25,,S,0,0,1,0,0,0,0,0,0,1
786,1.0,3,18.0,0,0,3101265,7.4958,,S,0,1,0,0,0,0,1,0,0,1
787,0.0,3,8.0,4,1,382652,29.125,,Q,1,0,0,0,0,0,0,0,1,0
788,1.0,3,1.0,1,2,C.A. 2315,20.575,,S,1,0,0,0,0,0,0,0,0,1
789,0.0,1,46.0,0,0,PC 17593,79.2,B82 B84,C,0,0,1,0,0,0,0,1,0,0
790,0.0,3,26.0,0,0,12460,7.75,,Q,0,0,1,0,0,0,0,0,1,0
791,0.0,2,16.0,0,0,239865,26.0,,S,0,0,1,0,0,0,0,0,0,1
792,0.0,3,18.0,8,2,CA. 2343,69.55,,S,0,1,0,0,0,0,1,0,0,1
793,0.0,1,40.0,0,0,PC 17600,30.6958,,C,0,0,1,0,0,0,0,1,0,0
794,0.0,3,25.0,0,0,349203,7.8958,,S,0,0,1,0,0,0,0,0,0,1
795,0.0,2,39.0,0,0,28213,13.0,,S,0,0,1,0,0,0,0,0,0,1
796,1.0,1,49.0,0,0,17465,25.9292,D17,S,0,0,0,0,1,0,1,0,0,1
797,1.0,3,31.0,0,0,349244,8.6833,,S,0,0,0,1,0,0,1,0,0,1
798,0.0,3,30.0,0,0,2685,7.2292,,C,0,0,1,0,0,0,0,1,0,0
799,0.0,3,30.0,1,1,345773,24.15,,S,0,0,0,1,0,0,1,0,0,1
800,0.0,2,34.0,0,0,250647,13.0,,S,0,0,1,0,0,0,0,0,0,1
801,1.0,2,31.0,1,1,C.A. 31921,26.25,,S,0,0,0,1,0,0,1,0,0,1
802,1.0,1,11.0,1,2,113760,120.0,B96 B98,S,1,0,0,0,0,0,0,0,0,1
803,1.0,3,0.42,0,1,2625,8.5167,,C,1,0,0,0,0,0,0,1,0,0
804,1.0,3,27.0,0,0,347089,6.975,,S,0,0,1,0,0,0,0,0,0,1
805,0.0,3,31.0,0,0,347063,7.775,,S,0,0,1,0,0,0,0,0,0,1
806,0.0,1,39.0,0,0,112050,0.0,A36,S,0,0,1,0,0,0,0,0,0,1
807,0.0,3,18.0,0,0,347087,7.775,,S,0,1,0,0,0,0,1,0,0,1
808,0.0,2,39.0,0,0,248723,13.0,,S,0,0,1,0,0,0,0,0,0,1
809,1.0,1,33.0,1,0,113806,53.1,E8,S,0,0,0,1,0,0,1,0,0,1
810,0.0,3,26.0,0,0,3474,7.8875,,S,0,0,1,0,0,0,0,0,0,1
811,0.0,3,39.0,0,0,A/4 48871,24.15,,S,0,0,1,0,0,0,0,0,0,1
812,0.0,2,35.0,0,0,28206,10.5,,S,0,0,1,0,0,0,0,0,0,1
813,0.0,3,6.0,4,2,347082,31.275,,S,0,1,0,0,0,0,1,0,0,1
814,0.0,3,30.5,0,0,364499,8.05,,S,0,0,1,0,0,0,0,0,0,1
815,0.0,1,40.0,0,0,112058,0.0,B102,S,0,0,1,0,0,0,0,0,0,1
816,0.0,3,23.0,0,0,STON/O2. 3101290,7.925,,S,0,1,0,0,0,0,1,0,0,1
817,0.0,2,31.0,1,1,S.C./PARIS 2079,37.0042,,C,0,0,1,0,0,0,0,1,0,0
818,0.0,3,43.0,0,0,C 7075,6.45,,S,0,0,1,0,0,0,0,0,0,1
819,0.0,3,10.0,3,2,347088,27.9,,S,1,0,0,0,0,0,0,0,0,1
820,1.0,1,52.0,1,1,12749,93.5,B69,S,0,0,0,1,0,0,1,0,0,1
821,1.0,3,27.0,0,0,315098,8.6625,,S,0,0,1,0,0,0,0,0,0,1
822,0.0,1,38.0,0,0,19972,0.0,,S,0,0,0,0,0,1,0,0,0,1
823,1.0,3,27.0,0,1,392096,12.475,E121,S,0,0,0,1,0,0,1,0,0,1
824,0.0,3,2.0,4,1,3101295,39.6875,,S,1,0,0,0,0,0,0,0,0,1
825,0.0,3,26.0,0,0,368323,6.95,,Q,0,0,1,0,0,0,0,0,1,0
826,0.0,3,26.0,0,0,1601,56.4958,,S,0,0,1,0,0,0,0,0,0,1
827,1.0,2,1.0,0,2,S.C./PARIS 2079,37.0042,,C,1,0,0,0,0,0,0,1,0,0
828,1.0,3,26.0,0,0,367228,7.75,,Q,0,0,1,0,0,0,0,0,1,0
829,1.0,1,62.0,0,0,113572,80.0,B28,S,0,0,0,1,0,0,1,0,0,1
830,1.0,3,15.0,1,0,2659,14.4542,,C,0,0,0,1,0,0,1,1,0,0
831,1.0,2,0.83,1,1,29106,18.75,,S,1,0,0,0,0,0,0,0,0,1
832,0.0,3,26.0,0,0,2671,7.2292,,C,0,0,1,0,0,0,0,1,0,0
833,0.0,3,23.0,0,0,347468,7.8542,,S,0,0,1,0,0,0,0,0,0,1
834,0.0,3,18.0,0,0,2223,8.3,,S,0,0,1,0,0,0,0,0,0,1
835,1.0,1,39.0,1,1,PC 17756,83.1583,E49,C,0,1,0,0,0,0,1,1,0,0
836,0.0,3,21.0,0,0,315097,8.6625,,S,0,0,1,0,0,0,0,0,0,1
837,0.0,3,26.0,0,0,392092,8.05,,S,0,0,1,0,0,0,0,0,0,1
838,1.0,3,32.0,0,0,1601,56.4958,,S,0,0,1,0,0,0,0,0,0,1
839,1.0,1,40.0,0,0,11774,29.7,C47,C,0,0,1,0,0,0,0,1,0,0
840,0.0,3,20.0,0,0,SOTON/O2 3101287,7.925,,S,0,0,1,0,0,0,0,0,0,1
841,0.0,2,16.0,0,0,S.O./P.P. 3,10.5,,S,0,0,1,0,0,0,0,0,0,1
842,1.0,1,30.0,0,0,113798,31.0,,C,0,1,0,0,0,0,1,1,0,0
843,0.0,3,34.5,0,0,2683,6.4375,,C,0,0,1,0,0,0,0,1,0,0
844,0.0,3,17.0,0,0,315090,8.6625,,S,0,0,1,0,0,0,0,0,0,1
845,0.0,3,42.0,0,0,C.A. 5547,7.55,,S,0,0,1,0,0,0,0,0,0,1
846,0.0,3,26.0,8,2,CA. 2343,69.55,,S,0,0,1,0,0,0,0,0,0,1
847,0.0,3,35.0,0,0,349213,7.8958,,C,0,0,1,0,0,0,0,1,0,0
848,0.0,2,28.0,0,1,248727,33.0,,S,0,0,0,0,1,0,0,0,0,1
849,1.0,1,40.0,1,0,17453,89.1042,C92,C,0,0,0,1,0,0,1,1,0,0
850,0.0,3,4.0,4,2,347082,31.275,,S,1,0,0,0,0,0,0,0,0,1
851,0.0,3,74.0,0,0,347060,7.775,,S,0,0,1,0,0,0,0,0,0,1
852,0.0,3,9.0,1,1,2678,15.2458,,C,0,1,0,0,0,0,1,1,0,0
853,1.0,1,16.0,0,1,PC 17592,39.4,D28,S,0,1,0,0,0,0,1,0,0,1
854,0.0,2,44.0,1,0,244252,26.0,,S,0,0,0,1,0,0,1,0,0,1
855,1.0,3,18.0,0,1,392091,9.35,,S,0,0,0,1,0,0,1,0,0,1
856,1.0,1,45.0,1,1,36928,164.8667,,S,0,0,0,1,0,0,1,0,0,1
857,1.0,1,51.0,0,0,113055,26.55,E17,S,0,0,1,0,0,0,0,0,0,1
858,1.0,3,24.0,0,3,2666,19.2583,,C,0,0,0,1,0,0,1,1,0,0
859,0.0,3,26.0,0,0,2629,7.2292,,C,0,0,1,0,0,0,0,1,0,0
860,0.0,3,41.0,2,0,350026,14.1083,,S,0,0,1,0,0,0,0,0,0,1
861,0.0,2,21.0,1,0,28134,11.5,,S,0,0,1,0,0,0,0,0,0,1
862,1.0,1,48.0,0,0,17466,25.9292,D17,S,0,0,0,1,0,0,1,0,0,1
863,0.0,3,18.0,8,2,CA. 2343,69.55,,S,0,1,0,0,0,0,1,0,0,1
864,0.0,2,24.0,0,0,233866,13.0,,S,0,0,1,0,0,0,0,0,0,1
865,1.0,2,42.0,0,0,236852,13.0,,S,0,0,0,1,0,0,1,0,0,1
866,1.0,2,27.0,1,0,SC/PARIS 2149,13.8583,,C,0,1,0,0,0,0,1,1,0,0
867,0.0,1,31.0,0,0,PC 17590,50.4958,A24,S,0,0,1,0,0,0,0,0,0,1
868,0.0,3,26.0,0,0,345777,9.5,,S,0,0,1,0,0,0,0,0,0,1
869,1.0,3,4.0,1,1,347742,11.1333,,S,1,0,0,0,0,0,0,0,0,1
870,0.0,3,26.0,0,0,349248,7.8958,,S,0,0,1,0,0,0,0,0,0,1
871,1.0,1,47.0,1,1,11751,52.5542,D35,S,0,0,0,1,0,0,1,0,0,1
872,0.0,1,33.0,0,0,695,5.0,B51 B53 B55,S,0,0,1,0,0,0,0,0,0,1
873,0.0,3,47.0,0,0,345765,9.0,,S,0,0,1,0,0,0,0,0,0,1
874,1.0,2,28.0,1,0,P/PP 3381,24.0,,C,0,0,0,1,0,0,1,1,0,0
875,1.0,3,15.0,0,0,2667,7.225,,C,0,1,0,0,0,0,1,1,0,0
876,0.0,3,20.0,0,0,7534,9.8458,,S,0,0,1,0,0,0,0,0,0,1
877,0.0,3,19.0,0,0,349212,7.8958,,S,0,0,1,0,0,0,0,0,0,1
878,0.0,3,26.0,0,0,349217,7.8958,,S,0,0,1,0,0,0,0,0,0,1
879,1.0,1,56.0,0,1,11767,83.1583,C50,C,0,0,0,1,0,0,1,1,0,0
880,1.0,2,25.0,0,1,230433,26.0,,S,0,0,0,1,0,0,1,0,0,1
881,0.0,3,33.0,0,0,349257,7.8958,,S,0,0,1,0,0,0,0,0,0,1
882,0.0,3,22.0,0,0,7552,10.5167,,S,0,1,0,0,0,0,1,0,0,1
883,0.0,2,28.0,0,0,C.A./SOTON 34068,10.5,,S,0,0,1,0,0,0,0,0,0,1
884,0.0,3,25.0,0,0,SOTON/OQ 392076,7.05,,S,0,0,1,0,0,0,0,0,0,1
885,0.0,3,39.0,0,5,382652,29.125,,Q,0,0,0,1,0,0,1,0,1,0
886,0.0,2,27.0,0,0,211536,13.0,,S,0,0,0,0,1,0,0,0,0,1
887,1.0,1,19.0,0,0,112053,30.0,B42,S,0,1,0,0,0,0,1,0,0,1
888,0.0,3,18.0,1,2,W./C. 6607,23.45,,S,0,1,0,0,0,0,1,0,0,1
889,1.0,1,26.0,0,0,111369,30.0,C148,C,0,0,1,0,0,0,0,1,0,0
890,0.0,3,32.0,0,0,370376,7.75,,Q,0,0,1,0,0,0,0,0,1,0
